dt,code,price_open,price_close,price_highest,price_lowest,trade,trade_amount,amplitude,rise,amount_increase_decrease,turnover_rate,stock_code,stock_name
2026-01-06,000008,2.87,3.15,3.15,2.85,2031309.0,625061931.35,10.49,10.14,0.29,7.48,000008,神州高铁
2025-12-24,000032,20.37,20.72,21.38,20.33,697611.0,1457654369.25,5.4,6.58,1.28,6.13,000032,深桑达Ａ
2026-01-06,000100,4.64,4.93,5.01,4.64,15693598.0,7662980103.64,8.13,8.35,0.38,8.67,000100,TCL科技
2025-12-23,000151,12.08,12.62,13.26,11.98,173415.0,219558265.86,10.55,4.04,0.49,5.63,000151,中成股份
2025-12-29,000158,20.45,20.93,21.26,20.4,972700.0,2034201133.11,4.24,3.1,0.63,6.13,000158,常山北明
2026-01-13,000400,27.75,29.0,30.27,27.25,1003193.0,2876288798.98,10.89,4.54,1.26,9.92,000400,许继电气
2025-12-26,000420,4.09,4.23,4.39,4.08,1555393.0,657882821.43,7.58,3.42,0.14,6.33,000420,吉林化纤
2025-12-29,000420,4.45,4.65,4.65,4.43,2499355.0,1157348553.46,5.2,9.93,0.42,10.17,000420,吉林化纤
2025-12-19,000501,10.04,10.57,10.78,9.93,558322.0,581787663.45,8.45,5.07,0.51,7.27,000501,武商集团
2026-01-05,000516,4.33,4.72,4.72,4.33,577752.0,267453395.11,9.09,10.02,0.43,2.62,000516,国际医学
2025-12-22,000523,3.9,4.1,4.1,3.85,1418502.0,571525288.56,6.7,9.92,0.37,10.7,000523,红棉股份
2025-12-10,000526,38.01,39.91,41.64,37.55,64596.0,254772898.36,10.79,5.33,2.02,5.41,000526,学大教育
2025-12-10,000532,14.3,15.72,15.72,14.14,178718.0,274276960.6,11.06,10.01,1.43,5.2,000532,华金资本
2025-12-12,000533,8.0,8.72,8.72,8.0,992894.0,832889295.32,9.08,9.96,0.79,14.5,000533,顺钠股份
2025-12-15,000533,8.72,8.95,9.16,8.68,1585007.0,1423345460.61,5.5,2.64,0.23,23.14,000533,顺钠股份
2025-12-23,000543,8.5,8.74,8.96,8.49,874059.0,764882308.38,5.61,4.3,0.36,3.86,000543,皖能电力
2025-12-22,000551,11.4,12.53,12.53,11.4,685330.0,841506872.94,9.92,10.01,1.14,14.19,000551,创元科技
2025-12-26,000559,13.5,13.63,14.11,13.43,3099330.0,4258061454.25,5.06,1.41,0.19,9.35,000559,万向钱潮
2025-12-15,000565,7.34,7.74,8.05,7.26,338156.0,262191051.16,10.76,5.45,0.4,7.8,000565,渝三峡Ａ
2026-01-05,000590,11.4,11.77,12.0,11.39,122823.0,144991338.93,5.44,5.0,0.56,5.13,000590,古汉医药
2026-01-08,000620,3.33,3.45,3.58,3.3,9716829.0,3321511108.97,8.41,3.6,0.12,20.8,000620,盈新发展
2026-01-06,000629,3.22,3.53,3.53,3.21,3917914.0,1352725118.1,9.97,9.97,0.32,4.22,000629,钒钛股份
2025-12-08,000686,9.36,9.61,10.09,9.32,1543973.0,1503364595.02,8.34,4.12,0.38,6.6,000686,东北证券
2026-01-12,000690,4.31,4.48,4.58,4.3,1187683.0,527285504.44,6.5,3.94,0.17,5.46,000690,宝新能源
2026-01-05,000710,11.33,12.08,12.19,11.32,210872.0,249380310.07,7.71,7.0,0.79,6.4,000710,贝瑞基因
2026-01-06,000725,4.24,4.5,4.54,4.23,21037708.0,9305295622.99,7.33,6.38,0.27,5.73,000725,京东方Ａ
2025-12-26,000737,15.03,15.53,15.78,14.86,1505921.0,2313117810.84,6.23,5.22,0.77,7.91,000737,北方铜业
2025-12-10,000759,8.02,8.49,8.49,7.9,2066598.0,1723418930.15,7.64,9.97,0.77,31.52,000759,中百集团
2026-01-06,000768,25.8,28.48,28.48,25.73,1232493.0,3381747821.32,10.62,10.0,2.59,4.45,000768,中航西飞
2025-12-25,000777,21.33,23.46,23.46,21.18,486323.0,1114700990.21,10.69,9.99,2.13,12.68,000777,中核科技
2025-12-26,000777,23.45,25.81,25.81,22.86,800054.0,2018748340.0,12.57,10.02,2.35,20.87,000777,中核科技
2025-12-12,000801,16.23,17.85,17.85,16.18,1293214.0,2258318512.06,10.29,9.98,1.62,12.72,000801,四川九洲
2025-12-08,000802,4.58,4.79,4.98,4.58,588462.0,281827113.16,8.71,4.36,0.2,8.22,000802,北京文化
2026-01-05,000810,11.81,12.64,12.7,11.78,408874.0,507483544.99,7.81,7.3,0.86,3.68,000810,创维数字
2025-12-11,000821,12.69,13.48,13.95,12.69,665274.0,901573154.01,9.94,6.31,0.8,11.0,000821,京山轻机
2025-12-29,000821,13.7,13.94,14.36,13.53,702240.0,977775973.67,6.25,4.89,0.65,11.61,000821,京山轻机
2025-12-12,000862,5.67,6.2,6.2,5.63,446694.0,269672485.2,10.11,9.93,0.56,7.11,000862,银星能源
2025-12-26,000878,18.57,19.71,19.9,18.53,1582713.0,3053500096.93,7.48,7.65,1.4,7.9,000878,云南铜业
2025-12-24,000880,26.11,27.95,28.2,26.08,352172.0,974861582.85,8.05,6.07,1.6,15.51,000880,潍柴重机
2026-01-07,000880,28.46,29.53,30.19,27.98,420958.0,1228461811.55,7.78,4.02,1.14,18.54,000880,潍柴重机
2025-12-09,000901,23.82,24.82,25.69,23.55,2516759.0,6158056770.65,9.16,6.3,1.47,31.53,000901,航天科技
2025-12-15,000949,4.6,4.91,5.04,4.6,1126864.0,552128380.4,9.61,7.21,0.33,6.63,000949,新乡化纤
2025-12-16,000949,4.98,5.02,5.23,4.85,1334353.0,669940459.03,7.74,2.24,0.11,7.85,000949,新乡化纤
2025-12-19,000981,3.06,3.32,3.32,3.06,8421037.0,2731833306.89,8.61,9.93,0.3,8.85,000981,山子高科
2025-12-29,000987,7.96,8.4,8.4,7.9,2103141.0,1741778890.47,6.54,9.95,0.76,4.19,000987,越秀资本
2026-01-12,001202,16.08,17.67,17.67,15.92,89365.0,154608139.53,10.9,10.02,1.61,7.65,001202,炬申股份
2026-01-13,001202,19.19,19.44,19.44,18.56,229207.0,441293856.58,4.98,10.02,1.77,19.62,001202,炬申股份
2025-12-10,001207,22.7,23.73,23.88,22.54,60698.0,141382753.36,5.92,4.77,1.08,3.08,001207,联科科技
2025-12-16,001208,19.45,19.77,19.77,19.15,719821.0,1405370672.55,3.45,10.02,1.8,27.33,001208,华菱线缆
2025-12-17,001208,19.8,20.8,21.7,19.58,1547877.0,3217377253.67,10.72,5.21,1.03,58.77,001208,华菱线缆
2025-12-18,001208,20.8,21.25,22.88,20.06,1510053.0,3248717976.88,13.56,2.16,0.45,57.33,001208,华菱线缆
2026-01-05,001210,17.6,18.84,18.84,17.24,117670.0,218707470.96,9.34,9.98,1.71,12.35,001210,金房能源
2026-01-07,001230,22.35,23.74,24.01,22.35,60129.0,141109157.94,7.49,7.18,1.59,11.33,001230,劲旅环境
2025-12-08,001231,23.19,23.85,25.5,23.04,104044.0,251902943.9,10.61,2.89,0.67,20.85,001231,农心科技
2025-12-08,001236,10.63,10.9,11.36,10.58,369821.0,406181626.52,7.48,4.51,0.47,4.88,001236,弘业期货
2026-01-09,001238,51.42,54.66,54.96,51.42,16715.0,89737444.48,6.88,6.3,3.24,1.61,001238,浙江正特
2025-12-11,001285,52.01,53.43,53.79,52.0,79992.0,424623841.42,3.51,4.81,2.45,19.69,001285,瑞立科密
2025-12-24,001316,34.62,38.09,38.09,34.21,59033.0,219380531.47,11.2,9.99,3.46,5.3,001316,润贝航科
2025-12-25,001316,38.0,38.93,39.37,37.5,76440.0,296959256.05,4.91,2.21,0.84,6.87,001316,润贝航科
2025-12-11,001317,41.42,43.38,44.43,40.69,62719.0,267178541.89,9.03,4.73,1.96,17.91,001317,三羊马
2025-12-29,001319,26.0,26.88,27.42,25.85,56146.0,149717621.0,6.07,3.9,1.01,6.85,001319,铭科精技
2025-12-26,001326,44.16,46.35,46.35,43.6,20875.0,95864842.68,6.53,9.99,4.21,8.66,001326,联域股份
2025-12-29,001331,43.38,46.31,46.31,42.9,257208.0,1157260373.37,8.1,10.0,4.21,15.32,001331,胜通能源
2026-01-08,001331,60.0,60.04,61.63,56.1,305154.0,1822215656.37,9.87,7.16,4.01,18.18,001331,胜通能源
2026-01-05,001333,21.45,23.65,23.65,21.45,47513.0,110235087.2,10.23,10.0,2.15,10.8,001333,光华股份
2025-12-11,001359,60.0,64.0,64.5,60.0,46319.0,291620294.54,7.59,7.91,4.69,9.99,001359,平安电工
2025-12-10,001376,12.24,12.83,13.12,12.24,171113.0,217524598.0,7.19,4.82,0.59,8.01,001376,百通能源
2025-12-11,001376,12.8,13.95,14.11,12.8,583544.0,810871665.99,10.21,8.73,1.12,27.3,001376,百通能源
2025-12-12,001376,13.8,14.7,15.1,13.8,739074.0,1070421414.97,9.32,5.38,0.75,34.58,001376,百通能源
2025-12-12,001382,20.16,20.72,20.91,20.08,64485.0,133032301.35,4.12,2.83,0.57,10.4,001382,新亚电缆
2025-12-26,001388,42.86,44.25,44.74,42.86,22447.0,98969796.33,4.37,2.76,1.19,7.34,001388,信通电子
2025-12-12,001395,42.8,44.84,46.83,42.65,21302.0,95426907.7,9.75,4.55,1.95,10.82,001395,亚联机械
2025-12-25,001400,67.66,74.56,74.56,67.33,48735.0,354352712.86,10.67,10.0,6.78,32.49,001400,江顺科技
2025-12-26,001400,73.82,76.62,80.0,73.6,49603.0,382758491.0,8.58,2.76,2.06,33.07,001400,江顺科技
2026-01-13,001896,6.24,6.38,6.61,5.96,1602557.0,1003268658.33,10.82,6.16,0.37,10.5,001896,豫能控股
2026-01-14,002004,4.97,5.45,5.45,4.93,1723732.0,917301434.59,10.51,10.1,0.5,9.16,002004,华邦健康
2025-12-16,002017,20.6,21.81,22.26,20.11,475350.0,1016923589.73,10.4,5.46,1.13,8.19,002017,东信和平
2026-01-05,002030,5.96,6.24,6.24,5.95,306096.0,188163919.45,4.87,4.7,0.28,2.18,002030,达安基因
2025-12-25,002031,7.4,7.91,8.11,7.39,3066057.0,2437177688.65,9.77,7.33,0.54,15.81,002031,巨轮智能
2025-12-17,002044,5.01,5.47,5.47,4.99,2491125.0,1344908307.69,9.66,10.06,0.5,6.43,002044,美年健康
2025-12-18,002044,5.77,6.02,6.02,5.5,5454576.0,3180505816.05,9.51,10.05,0.55,14.08,002044,美年健康
2025-12-10,002048,28.8,30.58,31.3,28.8,532101.0,1619061909.18,8.74,6.92,1.98,7.5,002048,宁波华翔
2025-12-29,002052,12.32,13.3,13.55,12.27,693020.0,913241363.61,10.39,7.95,0.98,10.05,002052,同洲电子
2025-12-15,002053,11.15,12.21,12.21,11.11,208130.0,246945174.12,9.91,10.0,1.11,2.26,002053,云南能投
2026-01-08,002054,7.61,7.9,8.09,7.57,286942.0,225485573.19,6.85,4.08,0.31,7.47,002054,德美化工
2025-12-19,002057,10.16,10.43,10.48,10.1,346388.0,357394843.85,3.87,6.21,0.61,4.6,002057,中钢天源
2025-12-22,002067,5.3,5.45,5.66,5.21,1681781.0,909342358.35,8.74,5.83,0.3,12.57,002067,景兴纸业
2025-12-25,002078,15.55,15.94,16.13,15.1,771820.0,1210223417.13,6.64,2.71,0.42,2.78,002078,太阳纸业
2025-12-22,002081,3.25,3.33,3.42,3.24,423051.0,140712149.9,5.52,2.15,0.07,1.6,002081,金 螳 螂
2025-12-26,002081,3.31,3.62,3.62,3.31,1324009.0,473777954.66,9.42,10.03,0.33,5.01,002081,金 螳 螂
2025-12-24,002082,11.97,12.2,12.82,11.8,246769.0,305252134.1,8.67,3.65,0.43,4.46,002082,万邦德
2025-12-30,002092,4.79,5.15,5.19,4.78,1251510.0,627569496.0,8.54,7.29,0.35,4.86,002092,中泰化学
2026-01-07,002092,5.37,5.49,5.83,5.36,2804375.0,1562062722.39,8.67,1.29,0.07,10.89,002092,中泰化学
2025-12-31,002094,7.51,7.65,7.98,7.5,902164.0,695162828.57,6.6,5.23,0.38,13.07,002094,青岛金王
2025-12-30,002099,6.32,6.51,6.79,6.29,720522.0,474889848.85,8.1,5.51,0.34,4.46,002099,海翔药业
2025-12-15,002100,7.13,7.34,7.56,7.13,700346.0,516397093.43,6.2,5.76,0.4,5.13,002100,天康生物
2025-12-18,002103,9.75,9.86,9.86,9.75,218781.0,215472925.14,1.23,10.04,0.9,5.75,002103,广博股份
2025-12-16,002104,18.41,20.38,20.38,17.85,1154146.0,2263850653.26,13.65,9.98,1.85,19.25,002104,恒宝股份
2026-01-06,002109,3.55,3.86,3.89,3.55,399842.0,151085257.73,9.52,8.12,0.29,3.13,002109,兴化股份
2026-01-07,002112,15.57,15.58,15.58,14.79,435217.0,670371048.18,5.58,10.03,1.42,16.61,002112,三变科技
2025-12-11,002123,11.2,12.3,12.3,11.02,609174.0,726885737.55,11.45,10.02,1.12,8.46,002123,梦网科技
2025-12-19,002127,3.49,3.63,3.64,3.45,898072.0,322036287.76,5.46,4.31,0.15,4.5,002127,南极电商
2025-12-31,002131,5.12,5.64,5.64,5.11,9945736.0,5472890777.11,10.33,9.94,0.51,17.0,002131,利欧股份
2026-01-05,002131,6.0,6.2,6.2,5.81,18319480.0,11089923416.68,6.91,9.93,0.56,31.32,002131,利欧股份
2025-12-12,002134,22.0,23.91,24.29,21.99,253367.0,597370468.17,10.42,8.29,1.83,10.31,002134,天津普林
2025-12-25,002134,25.52,26.5,27.05,25.31,326839.0,862587910.48,6.82,3.84,0.98,13.3,002134,天津普林
2026-01-05,002135,4.55,4.75,4.94,4.54,360906.0,171579762.32,8.81,4.63,0.21,3.46,002135,东南网架
2025-12-12,002139,13.62,13.83,14.03,13.55,488239.0,676875086.55,3.53,1.69,0.23,4.56,002139,拓邦股份
2025-12-29,002146,1.67,1.73,1.73,1.66,4277312.0,733587160.49,4.46,10.19,0.16,10.94,002146,荣盛发展
2025-12-30,002152,12.87,13.35,13.66,12.87,978094.0,1308952243.26,6.18,4.46,0.57,3.94,002152,广电运通
2025-12-09,002158,23.85,24.49,25.48,23.7,202970.0,501002611.82,7.48,2.94,0.7,3.8,002158,汉钟精机
2025-12-24,002158,24.68,26.09,26.49,24.4,246102.0,629264763.56,8.59,7.19,1.75,4.61,002158,汉钟精机
2025-12-26,002160,5.11,5.43,5.44,5.1,1028486.0,546324748.46,6.68,6.68,0.34,12.96,002160,常铝股份
2026-01-12,002161,7.72,8.12,8.39,7.65,680855.0,547275077.72,9.7,6.42,0.49,9.66,002161,远 望 谷
2026-01-06,002165,7.65,7.94,8.23,7.64,641452.0,508722635.94,7.72,3.93,0.3,8.82,002165,红 宝 丽
2025-12-16,002177,6.62,7.08,7.24,6.6,1099465.0,769410190.57,9.61,6.31,0.42,16.29,002177,御银股份
2025-12-29,002177,7.02,7.77,7.77,6.95,1799926.0,1373134756.86,11.61,10.06,0.71,26.67,002177,御银股份
2026-01-12,002181,10.38,11.09,11.09,10.38,1531504.0,1638225187.94,7.04,10.02,1.01,13.5,002181,粤 传 媒
2026-01-08,002195,9.67,10.38,10.38,9.41,19044419.0,18992990066.58,10.28,9.96,0.94,34.0,002195,岩山科技
2025-12-25,002196,12.41,13.64,13.64,12.41,1318475.0,1758323155.2,9.92,10.0,1.24,27.0,002196,方正电机
2025-12-30,002201,10.4,11.94,12.33,10.1,2053580.0,2317615999.94,19.89,6.51,0.73,34.11,002201,九鼎新材
2025-12-25,002209,16.19,16.64,17.07,16.11,145265.0,243535257.06,5.97,3.48,0.56,9.29,002209,达 意 隆
2025-12-08,002218,4.14,4.19,4.3,4.04,2183722.0,909393372.3,6.16,-0.71,-0.03,15.68,002218,拓日新能
2025-12-24,002225,5.73,6.05,6.1,5.73,672958.0,403558250.19,6.46,5.58,0.32,6.91,002225,濮耐股份
2025-12-16,002232,18.43,18.7,19.29,17.9,206741.0,383955255.58,7.77,4.59,0.82,5.06,002232,启明信息
2026-01-06,002232,19.0,20.28,20.85,18.93,338699.0,681896184.46,10.11,6.74,1.28,8.29,002232,启明信息
2025-12-29,002254,9.89,10.27,10.36,9.78,307082.0,312586460.81,5.9,4.48,0.44,3.75,002254,泰和新材
2026-01-06,002256,3.51,3.78,3.86,3.49,2462607.0,925227095.02,10.54,7.69,0.27,12.62,002256,兆新股份
2026-01-05,002259,3.79,4.16,4.16,3.79,268851.0,109658174.72,9.79,10.05,0.38,3.57,002259,升达林业
2025-12-29,002261,31.88,33.77,33.77,31.86,1773446.0,5874540000.16,6.22,10.0,3.07,15.48,002261,拓维信息
2025-12-30,002261,34.0,34.17,34.88,33.84,2030691.0,6961022086.96,3.08,1.18,0.4,17.73,002261,拓维信息
2025-12-26,002268,18.48,20.33,20.33,18.46,855688.0,1708586544.01,10.12,10.01,1.85,10.12,002268,电科网安
2026-01-06,002286,8.98,9.87,9.87,8.96,314231.0,299544862.56,10.14,10.03,0.9,8.5,002286,保龄宝
2025-12-08,002295,12.51,13.63,13.63,12.2,438566.0,559768191.73,11.54,10.01,1.24,17.52,002295,精艺股份
2025-12-29,002296,11.0,11.44,11.63,10.86,299387.0,339233214.19,6.96,3.34,0.37,8.62,002296,辉煌科技
2025-12-30,002296,11.32,11.69,12.3,11.2,493786.0,574494841.76,9.62,2.19,0.25,14.21,002296,辉煌科技
2025-12-15,002318,26.26,26.63,27.14,26.26,271667.0,728433822.61,3.4,2.98,0.77,2.84,002318,久立特材
2025-12-15,002319,10.2,11.0,11.55,9.81,322878.0,356544419.95,16.57,4.76,0.5,16.14,002319,乐通股份
2025-12-18,002322,11.62,12.21,12.41,11.57,103027.0,124554515.58,7.21,4.81,0.56,2.82,002322,理工能科
2026-01-05,002322,12.01,12.59,12.88,12.0,156341.0,197845373.0,7.33,4.83,0.58,4.28,002322,理工能科
2025-12-25,002324,14.36,14.64,14.92,13.93,615313.0,897128870.47,6.87,1.53,0.22,7.93,002324,普利特
2025-12-09,002329,3.94,4.3,4.3,3.81,912920.0,379282145.99,12.53,9.97,0.39,14.04,002329,皇氏集团
2025-12-09,002334,8.6,8.84,8.97,8.57,375753.0,331602467.11,4.63,2.31,0.2,5.12,002334,英威腾
2025-12-09,002339,8.32,9.04,9.04,8.29,459028.0,409551320.31,9.12,9.98,0.82,9.59,002339,积成电子
2025-12-26,002342,7.65,8.17,8.42,7.49,2335123.0,1909028759.25,12.16,6.8,0.52,24.46,002342,巨力索具
2025-12-26,002346,20.01,20.49,21.03,19.62,195036.0,398067533.02,7.19,4.43,0.87,4.96,002346,柘中股份
2025-12-29,002347,9.71,10.23,10.23,9.55,1617145.0,1637840573.47,7.31,10.0,0.93,32.78,002347,泰尔股份
2025-12-30,002347,9.21,11.25,11.25,9.21,2174720.0,2278705314.23,19.94,9.97,1.02,44.08,002347,泰尔股份
2025-12-10,002350,8.69,9.18,9.4,8.63,467281.0,426091243.19,8.83,5.28,0.46,8.81,002350,北京科锐
2025-12-18,002355,5.86,6.25,6.25,5.81,756761.0,467114078.59,7.75,10.04,0.57,12.24,002355,兴民智通
2025-12-19,002355,6.13,6.43,6.75,6.07,1151657.0,739135715.48,10.88,2.88,0.18,18.63,002355,兴民智通
2025-12-19,002361,7.7,8.17,8.17,7.61,2507052.0,1986361029.47,7.54,9.96,0.74,30.98,002361,神剑股份
2025-12-31,002362,20.93,21.64,21.8,20.91,101556.0,217878464.07,4.27,3.74,0.78,4.89,002362,汉王科技
2026-01-05,002362,21.59,22.48,22.57,21.34,136979.0,303098154.82,5.68,3.88,0.84,6.6,002362,汉王科技
2025-12-12,002366,7.31,7.79,8.0,7.19,2053840.0,1569832232.96,10.95,5.27,0.39,16.35,002366,融发核电
2025-12-31,002367,7.98,8.06,8.15,7.83,408912.0,327284572.04,4.15,4.54,0.35,5.15,002367,康力电梯
2026-01-06,002373,11.89,12.88,13.05,11.86,1127772.0,1414001448.56,10.01,8.33,0.99,8.19,002373,千方科技
2025-12-26,002375,3.78,3.87,4.0,3.78,307824.0,120232599.64,5.8,2.11,0.08,2.32,002375,亚厦股份
2026-01-08,002380,28.74,29.56,30.27,28.74,176166.0,520181195.2,5.52,6.6,1.83,12.43,002380,科远智慧
2025-12-15,002382,5.31,5.72,5.72,5.31,249718.0,141051004.37,7.88,10.0,0.52,2.5,002382,蓝帆医疗
2025-12-16,002383,10.1,10.62,10.9,9.72,1217278.0,1280376807.79,11.91,7.16,0.71,16.44,002383,合众思壮
2025-12-23,002394,14.8,16.02,16.02,14.7,397607.0,630012167.41,9.07,10.03,1.46,12.3,002394,联发股份
2025-12-30,002403,12.41,12.9,13.24,12.35,121381.0,155833280.8,7.14,3.53,0.44,4.08,002403,爱仕达
2026-01-07,002418,4.95,5.14,5.36,4.92,1898532.0,961171985.39,9.0,5.11,0.25,16.71,002418,康盛股份
2025-12-10,002419,5.53,5.74,5.95,5.51,844116.0,481324022.78,8.06,5.13,0.28,7.22,002419,天虹股份
2025-12-15,002420,7.03,7.49,7.55,7.03,252721.0,187139386.5,7.41,6.7,0.47,6.32,002420,毅昌科技
2025-12-11,002425,4.08,4.14,4.24,3.93,1037780.0,422691536.06,7.6,1.47,0.06,10.85,002425,凯撒文化
2025-12-24,002426,3.3,3.51,3.61,3.3,4240458.0,1503042103.24,9.45,7.01,0.23,12.46,002426,胜利精密
2026-01-15,002427,7.36,7.68,8.01,7.23,1170888.0,882108194.18,10.64,4.77,0.35,11.89,002427,尤夫股份
2025-12-12,002438,14.65,16.12,16.12,14.6,368312.0,574979874.6,10.38,10.03,1.47,7.86,002438,江苏神通
2025-12-12,002448,11.09,11.76,11.98,11.03,416019.0,482532557.65,8.59,6.33,0.7,9.13,002448,中原内配
2025-12-15,002448,12.06,12.53,12.94,12.06,680963.0,866615541.66,7.48,6.55,0.77,14.95,002448,中原内配
2025-12-16,002471,5.83,6.17,6.42,5.65,6715029.0,4005993531.47,13.18,5.65,0.33,50.28,002471,中超控股
2025-12-26,002476,6.41,6.71,6.78,6.37,525817.0,345838602.34,6.43,5.17,0.33,8.59,002476,宝莫股份
2025-12-30,002490,6.56,6.89,7.08,6.46,619538.0,416745096.44,9.51,5.67,0.37,11.44,002490,山东墨龙
2025-12-08,002492,7.7,8.43,8.43,7.62,294156.0,240093914.78,10.57,10.05,0.77,7.39,002492,恒基达鑫
2025-12-11,002498,3.71,3.97,4.06,3.71,1865670.0,743015318.67,9.49,7.59,0.28,5.61,002498,汉缆股份
2025-12-09,002506,2.76,2.86,2.95,2.7,6951924.0,1945741381.84,9.06,3.62,0.1,11.89,002506,协鑫集成
2025-12-26,002506,2.71,2.93,2.93,2.71,4475744.0,1284197312.62,8.27,10.15,0.27,7.66,002506,协鑫集成
2025-12-26,002535,3.83,3.99,4.21,3.79,735041.0,301095056.32,10.97,4.18,0.16,9.85,002535,林州重机
2025-12-08,002536,22.16,23.43,23.76,21.98,435872.0,1008475696.52,8.17,7.48,1.63,8.01,002536,飞龙股份
2025-12-15,002537,8.05,8.18,8.45,7.99,561950.0,463164352.22,5.78,2.76,0.22,4.81,002537,海联金汇
2025-12-16,002537,8.17,8.52,8.65,8.06,944093.0,794211940.88,7.21,4.16,0.34,8.07,002537,海联金汇
2026-01-06,002551,3.79,3.87,4.1,3.79,328674.0,128841830.38,8.18,2.11,0.08,5.38,002551,尚荣医疗
2025-12-15,002570,6.2,6.4,6.6,6.2,1340425.0,858708833.69,6.58,5.26,0.32,12.41,002570,贝因美
2025-12-25,002583,10.79,11.89,11.89,10.78,1337382.0,1548421316.34,10.27,9.99,1.08,10.43,002583,海能达
2025-12-25,002599,8.08,8.15,8.22,7.97,239803.0,194662067.52,3.16,3.03,0.24,6.03,002599,盛通股份
2025-12-30,002599,8.44,8.59,8.97,8.35,614597.0,529293427.06,7.46,3.37,0.28,15.44,002599,盛通股份
2025-12-11,002607,2.65,2.66,2.75,2.6,4522352.0,1210374942.99,5.66,0.38,0.01,8.9,002607,中公教育
2025-12-25,002611,17.82,18.9,19.56,17.79,1266405.0,2365296592.07,9.93,6.06,1.08,12.64,002611,东方精工
2025-12-25,002626,18.82,20.03,20.16,18.81,183273.0,362444422.49,7.14,5.98,1.13,3.01,002626,金达威
2025-12-25,002628,4.25,4.27,4.41,4.22,306061.0,131619084.0,4.62,3.89,0.16,4.06,002628,成都路桥
2026-01-07,002645,15.31,15.75,15.94,15.21,365385.0,572319026.62,4.8,3.62,0.55,6.54,002645,华宏科技
2025-12-08,002657,26.47,27.67,28.67,26.37,368114.0,1020775173.5,8.76,5.33,1.4,10.95,002657,中科金财
2025-12-30,002657,28.53,30.02,30.98,28.4,655077.0,1949996158.06,9.1,5.85,1.66,19.49,002657,中科金财
2025-12-15,002669,13.15,14.1,14.18,13.13,291193.0,404970513.0,7.94,6.58,0.87,9.62,002669,康达新材
2025-12-22,002678,4.88,5.39,5.39,4.85,357843.0,186285559.5,11.02,10.0,0.49,2.64,002678,珠江钢琴
2026-01-05,002700,6.71,6.98,7.01,6.68,102390.0,70623177.0,4.92,4.02,0.27,3.89,002700,万憬能源
2025-12-18,002703,14.31,15.92,15.92,13.79,1805778.0,2773367535.36,14.72,10.02,1.45,30.81,002703,浙江世宝
2026-01-12,002722,15.45,16.13,16.59,15.35,145885.0,233970993.37,8.07,5.01,0.77,7.63,002722,物产金轮
2026-01-12,002729,17.94,18.85,19.15,17.74,384833.0,715645746.28,7.86,5.07,0.91,21.93,002729,好利科技
2025-12-11,002735,15.01,15.5,15.6,15.01,407641.0,627320962.34,4.0,5.01,0.74,14.53,002735,王子新材
2025-12-12,002735,15.5,16.32,17.05,15.18,731326.0,1186325680.52,12.06,5.29,0.82,26.08,002735,王子新材
2025-12-30,002757,16.9,17.7,17.7,16.69,233417.0,405101548.88,6.28,10.01,1.61,8.28,002757,南兴股份
2025-12-24,002765,11.49,12.18,12.25,11.48,331793.0,396819227.94,6.71,6.1,0.7,5.57,002765,蓝黛科技
2025-12-30,002765,12.12,12.9,13.29,12.07,644435.0,823354763.94,10.02,6.0,0.73,10.81,002765,蓝黛科技
2026-01-05,002773,29.75,32.97,32.97,29.61,200738.0,642949460.6,11.21,10.01,3.0,2.92,002773,康弘药业
2026-01-06,002773,33.49,33.75,34.04,33.12,249707.0,837762171.73,2.79,2.37,0.78,3.64,002773,康弘药业
2026-01-06,002774,10.55,11.23,11.23,10.48,243715.0,266262743.88,7.35,9.99,1.02,8.65,002774,快意电梯
2025-12-22,002788,15.98,16.82,16.82,15.64,1027222.0,1702005739.64,7.72,10.01,1.53,26.91,002788,鹭燕医药
2025-12-22,002800,14.11,15.42,15.42,14.01,100558.0,150228621.24,10.06,9.99,1.4,7.18,002800,天顺股份
2025-12-22,002810,14.08,14.54,14.54,14.08,215112.0,311005686.09,3.48,9.98,1.32,6.68,002810,山东赫达
2025-12-23,002810,15.0,15.99,15.99,14.8,434295.0,671267163.87,8.18,9.97,1.45,13.48,002810,山东赫达
2025-12-09,002815,13.79,14.35,14.7,13.71,776327.0,1109031858.96,7.22,4.67,0.64,9.99,002815,崇达技术
2026-01-05,002819,28.05,30.04,30.04,28.05,134122.0,391089168.78,7.29,10.0,2.73,5.71,002819,东方中科
2026-01-06,002819,30.04,30.65,31.87,29.58,296738.0,912485564.9,7.62,2.03,0.61,12.62,002819,东方中科
2025-12-26,002824,19.12,19.99,21.04,19.0,243520.0,494882868.57,10.66,4.5,0.86,12.87,002824,和胜股份
2025-12-09,002825,11.46,12.15,12.62,11.32,643453.0,788357582.76,11.33,5.93,0.68,25.08,002825,纳尔股份
2025-12-30,002833,16.0,16.62,16.65,15.91,96621.0,159025880.08,4.63,3.88,0.62,3.35,002833,弘亚数控
2025-12-24,002843,19.5,19.78,19.9,19.24,248527.0,487499454.59,3.31,-0.8,-0.16,9.91,002843,泰嘉股份
2026-01-12,002849,17.79,18.12,18.51,17.17,377464.0,682523623.2,7.64,3.25,0.57,19.5,002849,威星智能
2025-12-17,002853,18.11,19.65,19.65,16.34,269415.0,490725448.59,18.53,10.02,1.79,20.93,002853,皮阿诺
2025-12-18,002859,28.84,30.52,31.34,28.83,119085.0,364849773.01,8.73,6.16,1.77,2.94,002859,洁美科技
2026-01-07,002864,31.7,34.87,34.87,31.68,105633.0,356332419.18,10.06,10.0,3.17,14.24,002864,盘龙药业
2025-12-16,002869,23.1,23.29,24.34,22.18,134110.0,311356112.04,9.73,4.86,1.08,8.51,002869,金溢科技
2025-12-09,002870,36.17,38.69,39.28,35.96,97484.0,373723108.63,9.18,6.97,2.52,7.56,002870,香山股份
2025-12-25,002870,36.08,39.69,39.69,36.03,120553.0,467319100.0,10.14,10.01,3.61,9.35,002870,香山股份
2025-12-26,002875,15.82,16.58,16.72,15.51,97539.0,157591740.55,7.65,4.8,0.76,5.35,002875,安奈儿
2025-12-29,002875,16.51,17.17,17.39,16.42,134619.0,230145417.85,5.85,3.56,0.59,7.38,002875,安奈儿
2025-12-11,002879,16.52,17.22,18.01,16.45,154251.0,268297321.18,9.53,5.19,0.85,11.19,002879,长缆科技
2025-12-12,002879,16.87,17.58,17.81,16.87,166664.0,290070848.99,5.46,2.09,0.36,12.09,002879,长缆科技
2025-12-23,002888,18.86,20.75,20.75,18.76,126083.0,252695018.0,10.55,10.02,1.89,16.83,002888,惠威科技
2025-12-22,002896,82.1,84.0,85.53,81.64,124906.0,1047204167.83,4.89,5.53,4.4,6.36,002896,中大力德
2025-12-30,002899,26.22,28.13,28.72,25.8,158977.0,436737405.88,11.18,7.74,2.02,10.76,002899,英派斯
2025-12-30,002905,10.48,11.62,11.62,10.46,201713.0,225740685.44,10.98,10.04,1.06,5.77,002905,金逸影视
2025-12-25,002907,15.03,15.57,15.9,14.93,62123.0,96153771.7,6.48,4.01,0.6,2.07,002907,华森制药
2025-12-31,002908,9.59,10.53,10.53,9.59,409576.0,425606904.16,9.82,10.03,0.96,12.73,002908,德生科技
2025-12-12,002912,29.2,30.17,31.2,29.01,108305.0,327780909.09,7.49,3.25,0.95,6.68,002912,中新赛克
2025-12-26,002919,21.45,23.64,23.64,21.3,150509.0,343564569.62,10.89,10.0,2.15,5.69,002919,名臣健康
2025-12-30,002921,15.34,16.36,16.68,15.12,107323.0,171767026.45,10.11,6.03,0.93,8.35,002921,联诚精密
2025-12-31,002921,16.28,17.02,17.64,16.09,174201.0,297525693.13,9.47,4.03,0.66,13.56,002921,联诚精密
2026-01-07,002929,40.84,44.92,44.92,40.64,277867.0,1220272232.1,10.48,9.99,4.08,13.2,002929,润建股份
2026-01-06,002942,19.99,21.16,22.03,19.95,86403.0,181183885.4,10.38,5.64,1.13,6.3,002942,新农股份
2025-12-30,002945,14.42,14.93,15.52,14.4,281964.0,422456679.9,7.77,3.61,0.52,1.04,002945,华林证券
2025-12-31,002945,14.98,15.33,15.95,14.73,468296.0,727276819.26,8.17,2.68,0.4,1.73,002945,华林证券
2026-01-05,002945,15.33,16.22,16.86,14.98,628288.0,1010449817.63,12.26,5.81,0.89,2.33,002945,华林证券
2025-12-24,002949,13.64,14.68,14.92,13.53,116824.0,170283034.61,10.18,7.55,1.03,7.69,002949,华阳国际
2025-12-31,002962,14.43,14.82,15.06,14.29,84616.0,124577243.51,5.35,3.06,0.44,4.05,002962,五方光电
2026-01-05,002969,12.73,13.7,13.9,12.06,1664314.0,2204832853.04,14.53,8.21,1.04,16.66,002969,嘉美包装
2026-01-06,002978,32.89,36.17,36.17,32.88,195155.0,686889569.45,10.01,10.01,3.29,5.27,002978,安宁股份
2025-12-15,002985,28.47,29.7,29.79,28.22,168017.0,490048232.5,5.49,3.85,1.1,9.56,002985,北摩高科
2026-01-06,002986,10.81,11.54,11.76,10.75,134366.0,153168394.04,9.35,6.85,0.74,4.45,002986,宇新股份
2025-12-16,002987,18.93,19.41,19.68,18.61,228921.0,441338854.21,5.65,2.43,0.46,2.71,002987,京北方
2025-12-15,002989,25.76,27.25,27.28,25.5,116404.0,309580979.62,6.91,5.74,1.48,6.23,002989,中天精装
2025-12-22,002990,27.67,28.35,29.4,27.5,77889.0,222278641.93,6.91,3.09,0.85,5.81,002990,盛视科技
2025-12-24,002993,43.09,45.26,46.45,42.93,61063.0,277759777.7,8.2,5.45,2.34,2.56,002993,奥海科技
2025-12-25,002998,7.77,7.87,7.97,7.6,144353.0,112466134.34,4.77,1.55,0.12,5.39,002998,优彩资源
2025-12-08,003001,21.8,22.3,22.88,21.61,47758.0,107047442.27,5.85,2.67,0.58,4.52,003001,中岩大地
2025-12-24,003007,32.39,35.46,35.46,32.1,43907.0,150727125.3,10.42,9.99,3.22,6.11,003007,直真科技
2025-12-25,003007,38.95,39.01,39.01,38.88,50512.0,196987864.9,0.37,10.01,3.55,7.03,003007,直真科技
2025-12-19,003010,33.65,36.99,36.99,33.41,117906.0,421289190.58,10.65,9.99,3.36,5.21,003010,若羽臣
2025-12-22,003021,103.55,112.19,112.19,102.6,112541.0,1219937056.56,9.4,10.0,10.2,5.43,003021,兆威机电
2025-12-23,003037,7.46,7.72,7.77,7.41,118897.0,90713217.0,4.82,3.35,0.25,1.98,003037,三和管桩
2025-12-16,003040,18.12,18.92,19.46,17.77,320302.0,600675115.93,9.28,3.9,0.71,7.01,003040,楚天龙
2025-12-22,003040,18.4,19.59,20.16,18.34,556665.0,1093425826.4,9.93,6.87,1.26,12.18,003040,楚天龙
2026-01-05,300003,16.55,18.97,18.97,16.55,1432769.0,2613252683.0,15.31,19.99,3.16,9.07,300003,乐普医疗
2025-12-15,300004,10.9,11.28,11.64,10.86,479470.0,542631223.0,7.2,4.06,0.44,9.99,300004,南风股份
2026-01-05,300016,8.15,8.99,9.18,8.15,626551.0,548832214.0,12.97,13.22,1.05,11.15,300016,北陆药业
2025-12-15,300019,20.67,21.12,21.45,20.65,290243.0,612659854.0,3.93,3.73,0.76,8.6,300019,硅宝科技
2025-12-30,300022,7.7,8.11,8.45,7.69,314563.0,255770109.0,9.83,4.92,0.38,6.36,300022,吉峰科技
2025-12-30,300027,2.12,2.24,2.41,2.11,2281207.0,514758835.0,14.02,4.67,0.1,9.18,300027,华谊兄弟
2026-01-05,300030,7.35,7.91,7.96,7.35,139784.0,108620107.0,8.29,7.47,0.55,5.13,300030,阳普医疗
2026-01-06,300033,333.05,372.0,373.33,331.9,243672.0,8715947584.0,12.47,12.01,39.89,8.84,300033,同花顺
2025-12-15,300034,18.19,19.27,20.69,17.94,1049182.0,2006410329.0,15.29,7.12,1.28,13.69,300034,钢研高纳
2026-01-13,300040,6.42,6.66,6.9,6.3,506309.0,332650171.0,9.36,3.9,0.25,9.79,300040,九洲集团
2025-12-08,300051,6.88,7.44,7.87,6.87,470061.0,347273972.0,14.53,8.14,0.56,12.78,300051,琏升科技
2025-12-26,300055,7.43,7.75,7.9,7.4,183095.0,141679572.0,6.73,4.31,0.32,2.89,300055,万邦达
2025-12-31,300063,8.2,8.57,8.83,8.18,858092.0,734606335.4,7.91,4.26,0.35,13.7,300063,天龙集团
2026-01-12,300077,21.32,22.76,22.95,21.32,546091.0,1227443512.0,7.65,6.8,1.45,9.64,300077,国民技术
2026-01-12,300079,5.74,6.1,6.14,5.73,1151605.0,687528370.0,7.24,7.77,0.44,8.99,300079,数码视讯
2025-12-23,300082,9.66,10.07,10.21,9.46,409834.0,407314183.0,7.8,4.68,0.45,6.04,300082,奥克股份
2025-12-19,300083,9.04,9.32,9.58,9.04,1001071.0,938033818.0,6.13,5.79,0.51,6.7,300083,创世纪
2025-12-08,300085,40.5,41.84,43.63,40.36,762506.0,3220493501.0,8.11,3.82,1.54,11.69,300085,银之杰
2026-01-07,300094,3.75,3.94,3.99,3.71,2440594.0,940233984.0,7.65,7.65,0.28,22.08,300094,国联水产
2025-12-25,300100,36.88,38.78,38.97,36.71,229966.0,876740406.0,6.16,5.7,2.09,4.17,300100,双林股份
2025-12-26,300107,6.87,7.05,7.31,6.82,180736.0,128306329.0,7.18,3.37,0.23,5.2,300107,建新股份
2026-01-14,300107,7.07,7.31,7.42,7.04,237805.0,172263465.0,5.4,3.84,0.27,6.85,300107,建新股份
2025-12-15,300118,12.18,13.37,13.37,12.18,1784783.0,2301166981.0,10.68,20.02,2.23,19.26,300118,东方日升
2025-12-12,300128,7.05,7.72,7.95,7.04,1327427.0,1014871272.0,12.98,10.13,0.71,10.23,300128,锦富技术
2025-12-25,300129,9.0,9.91,10.18,8.94,1344512.0,1298305513.0,13.89,10.97,0.98,18.71,300129,泰胜风能
2025-12-09,300132,7.77,8.17,8.26,7.66,475170.0,382590205.0,7.66,4.34,0.34,9.35,300132,青松股份
2025-12-15,300138,12.98,13.17,13.64,12.82,231935.0,306690934.0,6.47,3.86,0.49,5.82,300138,晨光生物
2026-01-14,300138,13.6,13.78,14.09,13.35,399745.0,546284912.0,5.67,5.67,0.74,10.04,300138,晨光生物
2025-12-12,300141,11.62,12.17,12.32,11.5,178106.0,215867341.0,7.06,4.82,0.56,6.99,300141,和顺电气
2025-12-15,300141,12.45,13.03,13.58,12.45,330242.0,427723174.0,9.29,7.07,0.86,12.96,300141,和顺电气
2026-01-05,300143,10.04,11.38,11.5,10.03,473162.0,518100287.0,14.88,15.18,1.5,7.38,300143,盈康生命
2026-01-05,300149,9.55,10.11,10.17,9.54,170798.0,170088670.0,6.59,5.75,0.55,3.6,300149,睿智医药
2025-12-25,300151,13.8,14.42,14.76,13.71,213996.0,306128918.0,7.61,4.49,0.62,5.81,300151,昌红科技
2026-01-06,300163,4.08,4.44,4.58,4.07,855795.0,375167237.0,12.53,9.09,0.37,18.86,300163,先锋新材
2026-01-07,300163,4.47,4.66,4.74,4.3,937073.0,428579030.0,9.91,4.95,0.22,20.65,300163,先锋新材
2025-12-25,300180,6.53,6.65,6.74,6.49,944521.0,624507806.0,3.91,3.91,0.25,5.52,300180,华峰超纤
2025-12-15,300195,7.83,8.34,8.47,7.76,279619.0,231409929.0,9.06,6.38,0.5,8.91,300195,长荣股份
2025-12-23,300196,13.92,14.28,14.48,13.86,105713.0,151024567.0,4.45,2.59,0.36,4.3,300196,长海股份
2025-12-24,300196,14.2,14.89,14.95,14.16,143929.0,211214030.0,5.53,4.27,0.61,5.85,300196,长海股份
2026-01-07,300200,12.41,14.56,14.56,12.41,1320003.0,1856205213.0,17.72,20.03,2.43,31.14,300200,高盟新材
2025-12-09,300203,15.5,15.88,16.37,15.35,185089.0,294451940.0,6.63,3.25,0.5,4.13,300203,聚光科技
2026-01-05,300206,12.82,13.79,13.79,12.78,140689.0,188978968.0,7.9,7.82,1.0,4.16,300206,理邦仪器
2026-01-12,300210,9.04,10.22,10.4,8.96,515420.0,515117926.0,15.93,13.05,1.18,10.65,300210,森远股份
2025-12-25,300222,10.75,10.99,11.08,10.74,326459.0,357541426.0,3.21,3.68,0.39,5.15,300222,科大智能
2025-12-26,300226,24.36,25.16,26.09,24.35,196612.0,502357132.0,7.18,3.75,0.91,6.42,300226,上海钢联
2026-01-05,300227,9.25,9.94,9.99,9.11,508702.0,495630511.0,9.55,7.93,0.73,11.75,300227,光韵达
2025-12-09,300234,5.36,5.51,5.7,5.34,309335.0,171747175.0,6.74,3.18,0.17,8.99,300234,开尔新材
2025-12-31,300234,5.24,5.5,5.58,5.07,329084.0,177323291.82,9.73,4.96,0.26,9.57,300234,开尔新材
2026-01-05,300238,14.81,16.62,16.62,14.58,364634.0,574927036.0,14.73,20.0,2.77,13.75,300238,冠昊生物
2026-01-06,300238,17.01,17.18,18.0,16.91,536590.0,937270919.0,6.56,3.37,0.56,20.24,300238,冠昊生物
2025-12-17,300244,14.55,15.14,15.58,14.55,257025.0,390047998.0,7.08,4.13,0.6,5.13,300244,迪安诊断
2025-12-18,300244,15.2,16.45,16.68,15.14,447346.0,718967066.0,10.17,8.65,1.31,8.92,300244,迪安诊断
2026-01-05,300244,15.9,17.13,17.15,15.87,390495.0,649726103.0,8.08,8.08,1.28,7.79,300244,迪安诊断
2026-01-05,300246,8.1,8.61,8.72,8.1,120351.0,101962932.0,7.65,6.3,0.51,5.7,300246,宝莱特
2026-01-06,300246,8.61,8.93,9.09,8.61,154012.0,137135162.0,5.57,3.72,0.32,7.29,300246,宝莱特
2026-01-12,300246,9.31,10.91,11.15,9.27,499510.0,523095550.0,20.19,17.19,1.6,23.64,300246,宝莱特
2025-12-19,300248,11.88,12.45,13.0,11.74,282376.0,351120714.0,10.81,6.78,0.79,6.9,300248,新开普
2025-12-17,300253,8.24,8.55,8.98,8.24,1585954.0,1370467034.0,9.26,7.01,0.56,8.28,300253,卫宁健康
2025-12-18,300253,8.74,9.5,9.86,8.55,2925965.0,2688302094.0,15.32,11.11,0.95,15.28,300253,卫宁健康
2025-12-24,300258,12.9,13.89,13.99,12.78,378437.0,516832417.0,9.46,8.6,1.1,6.64,300258,精锻科技
2025-12-29,300263,8.69,8.99,9.1,8.65,774545.0,692986074.0,5.23,4.53,0.39,7.94,300263,隆华科技
2026-01-05,300264,6.72,7.52,7.77,6.68,863448.0,629983759.0,16.24,12.07,0.81,23.31,300264,佳创视讯
2025-12-11,300265,10.53,12.01,12.01,10.53,690495.0,799176084.0,14.79,19.98,2.0,14.78,300265,通光线缆
2026-01-09,300271,7.54,7.93,7.94,7.52,368171.0,286680874.0,5.6,5.73,0.43,4.62,300271,华宇软件
2025-12-22,300276,8.69,9.36,9.64,8.67,837877.0,779888553.0,11.28,8.84,0.76,7.93,300276,三丰智能
2025-12-25,300281,7.59,8.15,8.47,7.58,507330.0,412521747.0,11.74,7.52,0.57,12.77,300281,金明精机
2025-12-12,300285,25.58,28.0,28.0,24.66,1157261.0,3115911214.0,14.32,20.02,4.67,13.75,300285,国瓷材料
2026-01-09,300288,14.4,15.14,15.5,14.4,303172.0,455573716.0,7.84,7.91,1.11,11.82,300288,朗玛信息
2025-12-30,300291,6.57,7.76,7.76,6.42,1971588.0,1439754362.0,20.71,19.94,1.29,21.18,300291,百纳千成
2026-01-07,300293,21.98,22.66,22.92,21.96,201726.0,454741944.0,4.39,3.56,0.78,7.2,300293,蓝英装备
2025-12-18,300298,16.64,17.78,17.84,16.58,211721.0,368422243.0,7.54,6.47,1.08,4.69,300298,三诺生物
2026-01-06,300310,6.13,6.53,6.63,6.11,954515.0,612073453.0,8.46,6.18,0.38,13.8,300310,宜通世纪
2026-01-05,300314,12.71,13.56,13.7,12.69,112038.0,149903132.0,8.03,7.79,0.98,7.79,300314,戴维医疗
2025-12-31,300323,7.8,7.98,8.06,7.58,405090.0,318176488.67,6.3,4.72,0.36,4.61,300323,华灿光电
2026-01-06,300331,36.01,39.78,39.78,34.77,670831.0,2555156023.0,15.11,20.0,6.63,31.91,300331,苏大维格
2026-01-07,300331,38.97,41.9,42.5,37.83,651125.0,2610709793.0,11.74,5.33,2.12,30.97,300331,苏大维格
2025-12-30,300333,11.2,11.53,11.98,11.13,251630.0,293568325.0,7.58,2.85,0.32,7.52,300333,兆日科技
2025-12-22,300358,9.18,9.94,10.04,9.15,640949.0,621854407.0,9.67,8.04,0.74,9.14,300358,楚天科技
2025-12-12,300363,24.0,24.84,25.19,23.72,251835.0,621453719.0,6.14,3.72,0.89,5.05,300363,博腾股份
2025-12-31,300364,24.0,25.12,25.74,24.0,696116.0,1738195168.71,7.26,4.84,1.16,10.54,300364,中文在线
2026-01-07,300383,13.38,14.01,14.42,13.32,1498979.0,2083461475.0,8.17,4.09,0.55,8.36,300383,光环新网
2025-12-15,300389,15.39,15.77,16.25,15.3,98341.0,155494205.0,6.16,2.34,0.36,4.22,300389,艾比森
2026-01-05,300396,13.02,13.23,13.35,12.98,63672.0,83986914.0,2.87,2.56,0.33,2.34,300396,迪瑞医疗
2025-12-11,300411,11.47,11.9,11.98,11.42,166075.0,195729237.0,4.88,3.75,0.43,5.37,300411,金盾股份
2025-12-23,300414,12.86,15.54,15.54,12.8,772549.0,1152979408.0,21.16,20.0,2.59,24.64,300414,中光防雷
2025-12-12,300430,18.11,19.1,19.52,18.02,144214.0,273604264.0,8.31,5.82,1.05,5.55,300430,诚益通
2025-12-12,300435,19.99,21.17,21.7,19.99,281433.0,588155065.0,8.78,8.73,1.7,7.63,300435,中泰股份
2025-12-15,300435,21.77,22.1,22.79,21.73,336729.0,747324140.0,5.01,4.39,0.93,9.13,300435,中泰股份
2026-01-13,300444,10.8,12.65,12.97,10.3,2132402.0,2539655240.0,24.7,17.02,1.84,34.31,300444,双杰电气
2025-12-12,300445,21.6,25.61,25.61,21.51,258220.0,609228119.0,19.21,20.01,4.27,18.18,300445,康斯特
2025-12-15,300445,25.41,27.8,28.6,24.86,329444.0,882189857.0,14.6,8.55,2.19,23.19,300445,康斯特
2025-12-19,300446,23.23,26.25,27.08,23.2,1575250.0,4131593717.0,17.19,16.3,3.68,42.17,300446,航天智造
2026-01-09,300451,5.43,5.77,5.99,5.43,2057703.0,1194853113.0,10.61,9.28,0.49,13.48,300451,创业慧康
2026-01-05,300459,4.72,5.34,5.51,4.72,7051164.0,3647424846.0,17.21,16.34,0.75,21.45,300459,汤姆猫
2026-01-07,300467,31.14,34.64,35.99,31.14,243663.0,847588596.0,15.89,13.46,4.11,14.46,300467,迅游科技
2025-12-16,300468,31.34,33.84,34.43,30.65,712922.0,2351216153.0,11.98,7.22,2.28,13.46,300468,四方精创
2026-01-05,300485,10.58,11.17,11.18,10.58,117381.0,129051477.0,5.67,5.58,0.59,4.29,300485,赛升药业
2025-12-12,300487,54.31,61.52,62.0,54.08,167534.0,988615204.0,14.51,12.69,6.93,5.46,300487,蓝晓科技
2025-12-10,300489,39.7,41.4,42.52,39.7,47263.0,197186496.0,7.1,4.28,1.7,3.45,300489,光智科技
2025-12-11,300489,41.12,45.96,49.0,40.94,135598.0,614377620.0,19.47,11.01,4.56,9.89,300489,光智科技
2025-12-23,300490,11.4,12.95,13.5,11.39,842279.0,1051388753.0,18.38,12.8,1.47,21.42,300490,华自科技
2025-12-24,300491,25.87,28.2,28.43,25.67,198962.0,549893010.0,10.7,9.3,2.4,12.75,300491,通合科技
2025-12-12,300492,72.5,74.54,76.3,70.51,39640.0,295229129.0,8.18,5.37,3.8,2.02,300492,华图山鼎
2026-01-08,300492,77.6,87.45,87.5,77.6,48531.0,407740585.0,12.87,13.66,10.51,2.47,300492,华图山鼎
2025-12-17,300499,28.03,29.96,29.98,28.03,631229.0,1842674544.0,7.01,7.69,2.14,23.26,300499,高澜股份
2025-12-25,300503,37.55,43.42,43.42,37.02,524466.0,2128048311.0,17.69,20.01,7.24,21.76,300503,昊志机电
2025-12-26,300503,46.0,46.72,49.56,45.88,726285.0,3449217494.0,8.48,7.6,3.3,30.14,300503,昊志机电
2026-01-08,300505,25.5,26.1,28.28,25.06,761088.0,2026368745.0,13.59,10.17,2.41,35.01,300505,川金诺
2025-12-16,300507,9.21,9.55,9.62,9.06,575793.0,543224443.0,6.13,4.6,0.42,7.43,300507,苏奥传感
2026-01-05,300513,9.67,10.7,10.96,9.59,370364.0,385229911.0,14.44,12.75,1.21,12.85,300513,恒实科技
2026-01-09,300536,8.08,9.49,9.49,7.99,576198.0,527886940.0,18.96,19.97,1.58,19.65,300536,农尚环境
2026-01-07,300537,23.32,24.08,24.6,23.02,223243.0,530879674.0,6.99,6.5,1.47,15.51,300537,广信材料
2026-01-07,300538,16.78,17.22,17.22,16.57,231850.0,393761875.0,3.96,4.81,0.79,19.16,300538,同益股份
2025-12-16,300542,18.51,20.26,21.6,18.34,352199.0,716335694.0,17.54,8.98,1.67,14.22,300542,新晨科技
2025-12-16,300546,23.19,24.93,25.55,22.81,192721.0,474049517.0,11.76,7.0,1.63,14.39,300546,雄帝科技
2025-12-17,300547,32.73,35.76,35.8,32.73,231591.0,808480019.0,9.33,8.66,2.85,12.99,300547,川环科技
2025-12-18,300547,36.51,36.76,38.0,35.9,266185.0,987466494.0,5.87,2.8,1.0,14.94,300547,川环科技
2025-12-15,300551,13.57,14.13,15.12,13.35,444358.0,634912867.0,12.92,3.14,0.43,13.11,300551,古鳌科技
2025-12-16,300552,26.91,28.06,28.06,26.51,212295.0,591947031.0,6.63,20.02,4.68,15.41,300552,万集科技
2025-12-17,300552,28.07,29.26,30.12,27.01,400919.0,1166205944.0,11.08,4.28,1.2,29.1,300552,万集科技
2025-12-08,300553,35.88,40.15,41.08,35.82,113073.0,442164569.0,14.96,14.16,4.98,13.29,300553,集智股份
2026-01-05,300562,13.35,14.23,14.27,13.35,135143.0,188571762.0,6.9,6.75,0.9,8.33,300562,乐心医疗
2025-12-31,300567,90.1,91.2,96.0,86.0,280497.0,2547998390.46,11.77,7.31,6.21,12.35,300567,精测电子
2026-01-07,300576,43.0,44.57,47.5,42.29,681590.0,3008525863.0,12.83,9.75,3.96,29.3,300576,容大感光
2025-12-29,300582,14.72,17.76,17.76,14.64,476105.0,796802927.0,21.08,20.0,2.96,21.49,300582,英飞特
2026-01-09,300592,10.97,12.15,12.51,10.95,380665.0,447800354.0,14.18,10.45,1.15,10.91,300592,华凯易佰
2025-12-29,300597,9.13,9.54,9.85,9.03,258614.0,246622397.0,8.96,4.26,0.39,9.53,300597,吉大通信
2025-12-26,300598,46.0,47.16,48.42,46.0,135280.0,641570484.0,5.3,3.29,1.5,6.24,300598,诚迈科技
2025-12-31,300599,7.52,8.15,8.36,7.45,248481.0,199628789.0,12.12,8.52,0.64,11.7,300599,雄塑科技
2026-01-05,300599,8.16,9.78,9.78,8.16,414200.0,390403732.0,19.88,20.0,1.63,19.51,300599,雄塑科技
2025-12-25,300607,29.06,31.96,33.93,29.06,520522.0,1641064324.0,17.22,13.01,3.68,15.68,300607,拓斯达
2026-01-09,300608,11.38,12.06,12.12,11.34,183072.0,216282335.0,6.85,5.88,0.67,6.37,300608,思特奇
2025-12-10,300616,14.14,14.86,15.5,13.95,156316.0,231802642.0,11.0,5.46,0.77,10.08,300616,尚品宅配
2026-01-05,300617,32.02,33.83,35.66,31.89,83552.0,287025076.0,11.82,6.05,1.93,5.94,300617,安靠智电
2025-12-24,300629,18.88,22.66,22.66,18.6,525870.0,1128894589.0,21.5,20.02,3.78,24.25,300629,新劲刚
2026-01-05,300632,13.93,15.15,15.37,13.93,353080.0,524427238.0,10.47,10.1,1.39,15.96,300632,光莆股份
2026-01-06,300637,11.9,12.32,12.66,11.85,149352.0,184506763.0,6.83,3.88,0.46,6.37,300637,扬帆新材
2026-01-07,300637,12.41,12.86,12.95,12.35,241143.0,307351201.0,4.87,4.38,0.54,10.28,300637,扬帆新材
2026-01-05,300642,18.51,19.69,19.72,18.38,91845.0,177863203.0,7.29,7.07,1.3,6.67,300642,透景生命
2025-12-29,300644,34.36,37.03,37.67,34.22,140846.0,513569909.0,10.08,8.21,2.81,15.9,300644,南京聚隆
2026-01-05,300653,19.99,21.09,21.33,19.97,52355.0,109101625.0,6.81,5.61,1.12,2.91,300653,正海生物
2026-01-07,300655,18.3,19.19,20.0,18.26,2371197.0,4542392617.0,9.96,9.85,1.72,22.23,300655,晶瑞电材
2025-12-19,300656,21.01,21.68,22.88,21.01,91581.0,199230728.0,9.18,6.48,1.32,6.89,300656,民德电子
2025-12-24,300661,65.5,69.32,69.84,65.34,302985.0,2072622918.0,6.9,6.34,4.13,5.11,300661,圣邦股份
2025-12-26,300669,27.05,27.75,28.5,26.8,31822.0,88530389.0,6.34,3.51,0.94,1.74,300669,沪宁股份
2026-01-09,300676,47.99,51.69,52.15,47.97,199486.0,1011543048.0,8.7,7.6,3.65,4.79,300676,华大基因
2026-01-05,300678,32.0,36.0,36.7,32.0,473570.0,1643726510.0,15.28,17.04,5.24,16.26,300678,中科信息
2025-12-17,300684,42.3,46.8,46.8,42.3,362646.0,1641889503.0,10.72,11.51,4.83,17.75,300684,中石科技
2026-01-13,300685,21.86,22.82,23.12,21.86,221663.0,502791484.0,5.78,4.63,1.01,5.69,300685,艾德生物
2025-12-29,300690,31.6,33.44,33.88,31.45,187177.0,620099890.0,7.75,6.6,2.07,16.9,300690,双一科技
2025-12-31,300696,28.87,31.91,34.31,28.86,469887.0,1551982941.47,19.06,11.61,3.32,17.67,300696,爱乐达
2025-12-26,300699,33.33,34.87,36.66,33.13,1016400.0,3535415703.0,10.98,8.43,2.71,12.37,300699,光威复材
2025-12-29,300699,38.3,40.05,40.77,38.3,1374439.0,5417878963.0,7.08,14.86,5.18,16.73,300699,光威复材
2025-12-09,300701,12.64,12.85,13.33,12.52,224745.0,291608349.0,6.51,3.21,0.4,9.02,300701,森霸传感
2025-12-10,300701,12.52,13.31,13.35,12.47,250396.0,326218507.0,6.85,3.58,0.46,10.05,300701,森霸传感
2025-12-19,300703,23.73,28.22,28.22,23.27,315533.0,825928408.0,21.05,19.98,4.7,18.6,300703,创源股份
2025-12-24,300709,44.4,47.7,48.42,44.32,204728.0,973324010.0,9.18,6.85,3.06,13.71,300709,精研科技
2025-12-22,300718,80.98,83.24,85.0,80.65,159871.0,1326488799.0,5.55,6.24,4.89,8.25,300718,长盛轴承
2025-12-08,300724,84.61,92.16,95.66,84.61,296082.0,2681424608.0,13.12,9.4,7.92,10.29,300724,捷佳伟创
2025-12-24,300730,13.12,13.73,14.8,13.12,351183.0,489907172.0,13.44,9.84,1.23,18.17,300730,科创信息
2025-12-25,300733,17.98,19.32,20.18,17.95,216956.0,416896354.0,12.39,7.33,1.32,9.62,300733,西菱动力
2026-01-09,300738,21.2,22.85,23.65,21.13,1580411.0,3574012936.0,12.17,10.33,2.14,16.05,300738,奥飞数据
2025-12-31,300740,21.88,23.84,24.46,21.59,377266.0,866499477.82,13.19,9.56,2.08,10.51,300740,水羊股份
2025-12-12,300743,17.32,18.66,18.98,17.31,102455.0,188306971.0,9.65,7.8,1.35,8.04,300743,天地数码
2025-12-18,300758,12.37,12.55,13.13,12.31,140801.0,179720999.0,6.67,2.03,0.25,3.84,300758,七彩化学
2026-01-05,300766,33.19,35.25,36.46,33.19,548273.0,1938524920.0,9.98,7.57,2.48,15.3,300766,每日互动
2025-12-10,300771,13.42,13.86,13.93,13.13,174342.0,237152246.0,5.96,3.28,0.44,9.62,300771,智莱科技
2025-12-11,300771,13.79,14.09,14.65,13.78,279105.0,393811099.0,6.28,1.66,0.23,15.4,300771,智莱科技
2025-12-16,300771,15.09,16.72,17.34,15.06,706688.0,1147221873.0,15.78,15.71,2.27,39.0,300771,智莱科技
2025-12-16,300773,21.3,22.53,22.82,21.01,513187.0,1137537886.0,8.45,5.23,1.12,6.99,300773,拉卡拉
2025-12-31,300781,33.11,34.78,36.0,33.06,112078.0,389400576.57,8.87,4.98,1.65,9.25,300781,因赛集团
2026-01-05,300781,34.78,36.95,37.91,34.5,148475.0,535661904.0,9.8,6.24,2.17,12.25,300781,因赛集团
2025-12-16,300782,70.0,73.42,76.6,70.0,265063.0,1964591569.0,9.4,4.62,3.24,5.91,300782,卓胜微
2025-12-17,300782,74.0,78.78,80.7,73.6,316741.0,2472019658.0,9.67,7.3,5.36,7.07,300782,卓胜微
2025-12-30,300782,77.68,82.4,88.0,76.68,384023.0,3185470876.0,14.85,8.09,6.17,8.57,300782,卓胜微
2025-12-31,300785,41.08,43.82,46.99,40.77,361017.0,1564149808.51,15.19,6.98,2.86,29.51,300785,值得买
2026-01-07,300786,16.87,17.38,17.95,16.74,237811.0,411855130.0,7.25,4.13,0.69,16.25,300786,国林科技
2025-12-31,300789,22.0,23.0,23.73,21.86,50207.0,115088261.56,8.55,5.22,1.14,5.08,300789,唐源电气
2025-12-10,300790,29.31,31.14,33.0,28.7,286940.0,887969566.0,14.57,5.49,1.62,8.84,300790,宇瞳光学
2025-12-16,300791,23.1,23.76,24.16,23.0,46595.0,109768954.0,5.0,2.33,0.54,1.82,300791,仙乐健康
2026-01-05,300793,16.75,18.46,18.61,16.71,550758.0,979405837.0,11.65,13.18,2.15,14.8,300793,佳禾智能
2025-12-12,300797,16.47,16.91,16.93,16.35,101379.0,169865833.0,3.53,2.92,0.48,2.68,300797,钢研纳克
2026-01-05,300801,27.82,31.91,32.07,27.82,284503.0,866660307.0,15.38,15.49,4.28,20.84,300801,泰和科技
2025-12-23,300805,10.42,10.6,10.82,10.2,158199.0,166806032.0,5.95,1.73,0.18,5.49,300805,电声股份
2026-01-07,300806,32.5,35.17,35.68,32.11,373024.0,1276643045.0,11.47,12.98,4.04,11.8,300806,斯迪克
2025-12-11,300807,45.0,50.34,51.46,45.0,61637.0,296526162.0,14.38,12.09,5.43,11.87,300807,天迈科技
2025-12-12,300808,29.48,31.0,31.5,29.41,46665.0,143534392.0,7.11,5.51,1.62,3.92,300808,久量股份
2025-12-22,300817,19.0,20.83,21.96,18.97,176322.0,366425309.0,15.77,9.86,1.87,14.08,300817,双飞集团
2026-01-05,300830,10.18,10.62,10.75,10.1,208359.0,218357568.0,6.39,4.32,0.44,6.18,300830,金现代
2026-01-06,300837,36.46,41.16,41.16,34.51,166891.0,640134652.0,19.39,20.0,6.86,24.22,300837,浙矿股份
2025-12-26,300846,19.19,21.7,22.5,19.09,644319.0,1321121168.0,17.77,13.08,2.51,16.42,300846,首都在线
2025-12-29,300848,14.81,16.01,16.09,14.73,195333.0,304105482.0,9.18,8.1,1.2,7.72,300848,美瑞新材
2025-12-30,300848,15.88,17.37,17.47,15.62,344765.0,578650399.0,11.56,8.49,1.36,13.62,300848,美瑞新材
2025-12-15,300855,29.0,30.9,33.33,29.0,262375.0,822777497.0,15.02,7.18,2.07,8.96,300855,图南股份
2026-01-07,300860,27.34,29.58,30.88,27.3,126711.0,371905247.0,13.04,7.76,2.13,11.58,300860,锋尚文化
2025-12-16,300872,19.08,19.72,19.98,18.51,319171.0,618061713.0,7.68,3.03,0.58,7.56,300872,天阳科技
2026-01-12,300873,22.6,23.96,24.04,22.57,102947.0,239318200.0,6.53,6.49,1.46,6.17,300873,海晨股份
2025-12-24,300877,26.41,29.22,29.98,26.36,91475.0,261845353.0,13.74,10.93,2.88,7.62,300877,金春股份
2025-12-29,300877,29.71,31.7,33.95,29.2,179346.0,579188294.0,16.79,12.05,3.41,14.95,300877,金春股份
2025-12-10,300879,28.43,29.49,29.78,28.34,74360.0,217869824.0,5.05,3.47,0.99,3.7,300879,大叶股份
2025-12-30,300879,29.12,30.53,31.21,28.92,94493.0,286374583.0,7.86,4.73,1.38,4.7,300879,大叶股份
2025-12-25,300881,34.33,35.75,35.99,34.01,39441.0,139255327.0,5.8,4.69,1.6,6.87,300881,盛德鑫泰
2025-12-09,300887,8.19,8.72,9.0,8.13,392411.0,340436265.0,10.69,7.13,0.58,10.83,300887,谱尼测试
2025-12-24,300887,7.78,9.32,9.32,7.78,579998.0,511881124.0,19.82,19.95,1.55,16.01,300887,谱尼测试
2025-12-26,300891,8.87,9.22,9.38,8.85,150067.0,137798623.0,5.97,3.83,0.34,4.51,300891,惠云钛业
2025-12-15,300893,23.36,24.36,24.42,23.0,68151.0,163173677.0,6.1,4.59,1.07,2.72,300893,松原安全
2026-01-05,300921,23.17,25.2,25.47,22.97,172002.0,428897418.0,10.88,9.71,2.23,15.0,300921,南凌科技
2025-12-31,300936,36.47,39.0,39.5,36.3,44169.0,170643637.48,8.78,6.97,2.54,9.31,300936,中英科技
2025-12-25,300942,9.62,9.9,10.15,9.52,127954.0,126079175.0,6.6,3.66,0.35,3.16,300942,易瑞生物
2025-12-25,300946,50.43,53.58,54.96,50.12,50977.0,269825712.0,9.62,6.5,3.27,6.72,300946,恒而达
2025-12-15,300948,19.03,21.56,22.56,19.03,312642.0,659992192.0,18.78,14.68,2.76,20.89,300948,冠中生态
2025-12-25,300952,33.6,36.12,36.65,33.34,141180.0,497038447.0,9.91,8.11,2.71,13.47,300952,恒辉安防
2025-12-12,300963,19.3,23.39,23.39,18.86,817269.0,1764665156.0,23.24,20.01,3.9,28.24,300963,中洲特材
2025-12-08,300965,58.88,65.87,69.0,58.88,53064.0,348794054.0,17.36,12.98,7.57,9.52,300965,恒宇信通
2025-12-17,300967,19.3,19.7,19.88,18.76,118514.0,230556617.0,5.93,4.29,0.81,9.5,300967,晓鸣股份
2025-12-25,300970,17.48,18.46,19.5,17.48,111056.0,205832841.0,11.6,5.97,1.04,11.67,300970,华绿生物
2025-12-10,300978,11.87,12.71,12.92,11.82,363474.0,457814621.0,9.27,7.08,0.84,19.01,300978,东箭科技
2025-12-31,300986,10.3,11.18,11.33,10.25,238788.0,258108608.82,10.53,8.97,0.92,5.8,300986,志特新材
2026-01-05,300986,12.31,13.42,13.42,11.8,862949.0,1106498840.0,14.49,20.04,2.24,20.96,300986,志特新材
2025-12-17,300990,70.86,81.36,81.8,70.86,88488.0,699199415.0,15.39,14.46,10.28,11.47,300990,同飞股份
2025-12-26,300991,39.33,41.33,44.9,39.31,96201.0,412385702.0,14.19,4.9,1.93,10.44,300991,创益通
2025-12-26,300993,14.87,15.35,15.55,14.69,201199.0,305212746.0,5.78,3.09,0.46,8.36,300993,玉马科技
2025-12-12,300995,37.76,40.06,43.0,37.51,66685.0,268415309.0,14.6,6.51,2.45,11.11,300995,奇德新材
2025-12-18,301002,27.67,30.78,31.69,27.42,53912.0,158164304.0,15.4,11.04,3.06,7.24,301002,崧盛股份
2025-12-19,301002,30.64,32.25,33.25,30.01,114434.0,362743663.0,10.53,4.78,1.47,15.36,301002,崧盛股份
2025-12-22,301002,32.66,34.24,36.49,32.35,132995.0,457771215.0,12.84,6.17,1.99,17.85,301002,崧盛股份
2025-12-19,301011,24.98,26.05,26.25,24.4,56387.0,145194183.0,7.36,3.58,0.9,4.03,301011,华立科技
2026-01-14,301012,27.66,30.05,31.83,27.38,306836.0,920356539.0,16.16,9.11,2.51,15.58,301012,扬电科技
2025-12-19,301016,18.22,20.55,20.8,18.21,100949.0,198488498.0,14.24,12.97,2.36,4.87,301016,雷尔伟
2025-12-09,301018,54.45,56.55,57.67,54.01,150452.0,843750141.0,6.78,4.78,2.58,7.56,301018,申菱环境
2025-12-18,301021,38.69,40.19,41.5,38.69,138702.0,561594924.0,7.37,5.43,2.07,9.12,301021,英诺激光
2025-12-22,301023,37.18,41.24,41.78,37.18,67544.0,271798435.0,12.47,11.82,4.36,16.16,301023,奕帆传动
2025-12-15,301026,24.78,25.87,26.69,24.51,72227.0,185311412.0,8.81,4.57,1.13,6.47,301026,浩通科技
2026-01-07,301045,28.51,30.0,32.48,27.67,101228.0,303253158.0,17.45,8.81,2.43,15.83,301045,天禄科技
2026-01-08,301045,31.0,31.92,32.7,30.6,117192.0,370998294.0,7.0,6.4,1.92,18.32,301045,天禄科技
2026-01-06,301048,11.51,11.81,12.07,11.47,108558.0,127805546.0,5.21,2.61,0.3,2.04,301048,金鹰重工
2026-01-05,301060,9.3,10.2,10.27,9.3,166669.0,165525199.0,10.49,10.27,0.95,4.63,301060,兰卫医学
2025-12-10,301062,7.81,8.17,8.36,7.8,175692.0,144142605.0,7.14,4.21,0.33,5.64,301062,上海艾录
2025-12-25,301062,8.22,8.5,8.78,8.18,234792.0,200685306.0,7.32,3.66,0.3,7.53,301062,上海艾录
2025-12-08,301066,15.34,16.93,17.88,15.3,182760.0,304594556.0,16.88,10.8,1.65,9.68,301066,万事利
2025-12-10,301067,31.68,33.3,34.44,30.81,123939.0,407948609.0,11.52,5.71,1.8,19.42,301067,显盈科技
2025-12-10,301078,9.58,10.14,10.34,9.58,860631.0,871754207.0,7.99,6.62,0.63,6.86,301078,孩子王
2025-12-12,301079,25.41,30.86,30.86,25.16,256090.0,736850718.0,22.16,19.98,5.14,36.83,301079,邵阳液压
2025-12-15,301079,30.84,31.47,32.62,29.0,276423.0,856631124.0,11.73,1.98,0.61,39.76,301079,邵阳液压
2025-12-12,301082,17.31,19.34,20.81,17.31,328160.0,621013213.0,20.02,10.64,1.86,15.68,301082,久盛电气
2025-12-10,301087,45.63,46.02,48.67,45.63,77468.0,365443856.0,6.88,4.14,1.83,3.99,301087,可孚医疗
2026-01-05,301087,45.0,49.63,50.47,45.0,98142.0,477194833.0,12.25,11.1,4.96,5.05,301087,可孚医疗
2026-01-06,301087,49.24,50.78,53.83,46.54,133692.0,663465051.0,14.69,2.32,1.15,6.88,301087,可孚医疗
2025-12-22,301088,15.17,16.5,16.56,15.17,123958.0,199517681.0,9.1,7.98,1.22,6.6,301088,戎美股份
2026-01-12,301093,48.07,57.68,57.68,47.5,139396.0,753492062.0,21.18,19.99,9.61,8.88,301093,华兰股份
2026-01-13,301093,59.0,62.63,65.85,58.5,153667.0,950623935.0,12.74,8.58,4.95,9.79,301093,华兰股份
2026-01-13,301097,53.55,58.5,61.51,53.55,35539.0,202833416.0,15.53,14.12,7.24,12.28,301097,天益医疗
2025-12-22,301099,41.85,44.21,44.59,41.85,82063.0,358119908.0,6.59,6.33,2.63,9.14,301099,雅创电子
2026-01-06,301099,47.7,48.86,51.69,47.55,192136.0,943685916.0,9.14,7.86,3.56,21.4,301099,雅创电子
2025-12-09,301108,33.39,34.75,35.2,33.34,36438.0,125729256.0,5.69,6.3,2.06,5.64,301108,洁雅股份
2025-12-26,301113,24.99,25.75,26.96,24.82,45968.0,119530007.0,8.58,3.25,0.81,8.34,301113,雅艺科技
2025-12-12,301120,18.18,19.75,20.78,18.18,561665.0,1110548444.0,14.64,11.2,1.99,25.69,301120,新特电气
2026-01-05,301122,26.4,28.94,29.2,26.39,56947.0,160772695.0,10.78,11.05,2.88,7.53,301122,采纳股份
2025-12-09,301123,43.75,45.99,49.7,42.9,217270.0,1004221192.0,15.81,6.93,2.98,9.3,301123,奕东电子
2025-12-18,301123,56.02,59.2,60.0,54.1,393576.0,2249322351.0,11.18,12.16,6.42,16.85,301123,奕东电子
2025-12-18,301133,35.68,37.2,39.37,35.36,146288.0,549752551.0,11.84,9.8,3.32,14.62,301133,金钟股份
2025-12-11,301137,43.63,50.0,50.24,43.63,296133.0,1395562704.0,15.22,15.15,6.58,16.44,301137,哈焊华通
2025-12-31,301153,20.61,24.72,24.72,20.55,321091.0,761935039.72,20.24,20.0,4.12,9.75,301153,中科江南
2026-01-05,301153,25.0,26.35,26.78,23.56,395858.0,1004433504.0,13.03,6.59,1.63,12.02,301153,中科江南
2025-12-29,301160,64.1,66.1,66.45,63.45,42441.0,277631417.0,4.68,3.12,2.0,5.85,301160,翔楼新材
2025-12-30,301160,66.0,68.81,69.39,65.42,60753.0,414333169.0,6.01,4.1,2.71,8.38,301160,翔楼新材
2025-12-08,301165,73.16,82.0,83.8,73.1,193243.0,1537147521.0,14.51,11.23,8.28,2.43,301165,锐捷网络
2025-12-09,301165,85.54,88.05,89.92,84.5,233081.0,2031316715.0,6.61,7.38,6.05,2.93,301165,锐捷网络
2026-01-08,301173,46.05,48.38,50.47,45.98,26980.0,130540847.0,9.71,4.65,2.15,15.19,301173,毓恬冠佳
2026-01-14,301179,16.6,17.38,17.86,16.56,141711.0,243138590.0,7.83,4.7,0.78,5.97,301179,泽宇智能
2025-12-17,301182,33.61,38.87,39.4,33.37,85880.0,316451730.0,17.94,15.65,5.26,8.96,301182,凯旺科技
2025-12-18,301182,38.74,39.7,41.18,38.2,81777.0,328674417.0,7.67,2.14,0.83,8.53,301182,凯旺科技
2025-12-16,301187,24.55,26.0,26.94,24.55,102495.0,268029369.0,9.71,5.65,1.39,4.02,301187,欧圣电气
2025-12-23,301191,104.14,114.02,117.55,104.0,90840.0,1012438585.0,13.03,9.63,10.02,17.4,301191,菲菱科思
2025-12-31,301195,33.36,34.53,35.16,33.26,37337.0,128941465.03,5.7,3.66,1.22,4.26,301195,北路智控
2025-12-25,301199,21.98,23.33,23.86,21.9,68002.0,155949812.0,8.97,6.72,1.47,9.48,301199,迈赫股份
2025-12-22,301202,38.86,40.79,41.6,38.67,33342.0,134740759.0,7.58,5.48,2.12,8.97,301202,朗威股份
2025-12-25,301208,36.31,41.15,43.5,36.29,138991.0,573531888.0,19.89,13.52,4.9,27.73,301208,中亦科技
2025-12-08,301218,22.81,25.13,26.77,22.81,191038.0,483534799.0,17.75,12.64,2.82,27.26,301218,华是科技
2025-12-17,301221,47.16,49.7,49.99,47.02,76471.0,371088696.0,6.15,2.96,1.43,12.19,301221,光庭信息
2025-12-25,301225,99.16,109.77,114.94,99.15,29090.0,308830172.0,15.93,10.71,10.62,9.74,301225,恒勃股份
2025-12-08,301226,29.1,30.25,31.33,28.76,68359.0,206427640.0,8.83,3.95,1.15,6.28,301226,祥明智能
2026-01-05,301230,29.73,31.95,32.07,29.73,70185.0,221811796.0,7.86,7.32,2.18,5.59,301230,泓博医药
2026-01-08,301230,32.01,34.27,35.78,31.9,133626.0,459982335.0,12.07,6.63,2.13,10.64,301230,泓博医药
2025-12-10,301234,40.53,43.91,46.0,40.53,52126.0,229405947.0,13.94,11.87,4.66,7.67,301234,五洲医疗
2025-12-22,301235,34.88,42.06,42.48,34.6,168431.0,659717981.0,22.26,18.81,6.66,23.15,301235,华康洁净
2025-12-29,301236,47.09,48.26,49.26,47.09,318694.0,1541914559.0,4.65,3.41,1.59,4.07,301236,软通动力
2025-12-15,301237,45.75,49.07,49.5,45.75,15552.0,75107945.0,8.2,7.26,3.32,2.36,301237,和顺科技
2025-12-29,301237,49.5,58.34,58.34,49.5,53768.0,310138818.0,18.18,19.99,9.72,8.16,301237,和顺科技
2025-12-30,301237,59.45,61.61,63.3,57.96,92380.0,561987028.0,9.15,5.61,3.27,14.03,301237,和顺科技
2025-12-31,301239,30.96,32.89,34.1,30.96,52643.0,173173596.82,10.14,6.23,1.93,3.52,301239,普瑞眼科
2025-12-24,301248,29.77,32.2,34.12,29.61,207606.0,668618156.0,15.24,8.78,2.6,18.48,301248,杰创智能
2025-12-08,301252,27.56,29.18,29.96,27.56,95718.0,279746538.0,8.72,5.99,1.65,20.24,301252,同星科技
2025-12-22,301258,32.08,33.36,33.97,32.08,24268.0,80520428.0,5.9,4.09,1.31,2.72,301258,富士莱
2025-12-29,301260,16.46,17.49,18.0,16.42,103451.0,178505450.0,9.59,6.19,1.02,5.06,301260,格力博
2025-12-31,301265,13.3,13.91,15.2,13.25,277480.0,395126859.76,14.83,5.78,0.76,16.34,301265,华新环保
2025-12-24,301268,17.98,19.23,20.87,17.81,118184.0,230087600.0,17.21,8.16,1.45,3.39,301268,铭利达
2026-01-09,301275,54.44,58.56,59.39,54.04,68848.0,393716855.0,9.86,7.94,4.31,20.37,301275,汉朔科技
2025-12-08,301282,25.68,28.96,30.64,25.51,217904.0,610459202.0,20.09,13.39,3.42,27.37,301282,金禄电子
2026-01-05,301290,25.3,26.29,26.43,25.27,19438.0,50571615.0,4.59,4.04,1.02,2.85,301290,东星医疗
2026-01-06,301301,10.4,10.92,11.22,10.35,384184.0,415175593.0,8.41,5.51,0.57,6.22,301301,川宁生物
2026-01-12,301302,25.11,26.9,26.93,25.11,153293.0,402548941.0,7.42,9.62,2.36,11.03,301302,华如科技
2026-01-08,301305,23.44,25.0,25.49,23.4,157220.0,390766786.0,8.94,6.97,1.63,12.71,301305,朗坤科技
2026-01-05,301309,28.02,29.28,29.8,28.02,18537.0,54066871.0,6.35,4.5,1.26,7.26,301309,万得凯
2025-12-08,301310,41.95,42.94,43.3,41.95,14282.0,61036383.0,3.23,2.83,1.18,2.84,301310,鑫宏业
2025-12-09,301310,42.86,44.26,44.85,42.79,32354.0,142965034.0,4.8,3.07,1.32,6.44,301310,鑫宏业
2026-01-12,301317,32.79,34.71,35.2,32.75,68002.0,232787612.0,7.46,5.73,1.88,15.18,301317,鑫磊股份
2026-01-12,301318,29.66,30.37,30.7,29.66,38956.0,117288142.0,3.55,3.65,1.07,5.15,301318,维海德
2026-01-05,301320,16.95,17.76,18.39,16.88,61126.0,107985165.0,8.9,4.66,0.79,8.96,301320,豪江智能
2025-12-22,301321,18.35,19.23,20.19,18.15,190877.0,368763354.0,11.18,5.37,0.98,12.94,301321,翰博高新
2025-12-26,301327,57.27,60.25,63.66,57.07,60204.0,366938682.0,11.5,5.17,2.96,7.89,301327,华宝新能
2025-12-30,301330,29.77,33.06,33.38,29.77,177146.0,572034641.0,12.18,11.58,3.43,15.55,301330,熵基科技
2026-01-05,301330,35.05,39.66,39.66,35.03,200596.0,775778569.0,14.01,20.0,6.61,17.61,301330,熵基科技
2026-01-06,301330,46.23,47.59,47.59,43.0,388657.0,1763174892.0,11.57,19.99,7.93,34.12,301330,熵基科技
2025-12-17,301335,27.19,28.2,29.12,27.13,43362.0,122830333.0,7.29,3.3,0.9,8.57,301335,天元宠物
2025-12-18,301335,28.15,29.68,30.17,28.01,60476.0,178103112.0,7.66,5.25,1.48,11.95,301335,天元宠物
2026-01-05,301336,52.17,56.45,58.08,51.79,46051.0,258131537.0,12.18,9.29,4.8,15.13,301336,趣睡科技
2026-01-06,301337,31.78,32.03,32.97,30.79,107786.0,344629087.0,6.82,0.22,0.07,29.14,301337,亚华电子
2026-01-06,301339,14.82,15.14,15.3,14.73,146650.0,220052216.0,3.9,3.56,0.52,8.73,301339,通行宝
2026-01-05,301348,20.5,21.33,21.74,20.5,140521.0,298315602.0,6.14,5.65,1.14,9.06,301348,蓝箭电子
2026-01-13,301348,23.9,24.06,26.02,23.5,460542.0,1139007483.0,11.3,7.89,1.76,29.69,301348,蓝箭电子
2025-12-18,301356,21.42,21.6,21.94,20.9,38564.0,83251847.0,4.83,0.42,0.09,7.04,301356,天振股份
2026-01-05,301366,35.27,37.52,38.0,35.25,83914.0,309391813.0,7.8,6.38,2.25,11.0,301366,一博科技
2026-01-06,301366,38.65,39.34,40.0,37.87,157027.0,613492797.0,5.68,4.85,1.82,20.58,301366,一博科技
2025-12-25,301368,56.44,59.42,60.15,56.44,54521.0,321903769.0,6.6,5.75,3.23,8.5,301368,丰立智能
2025-12-18,301370,11.69,12.24,12.39,11.66,212024.0,258410768.0,6.21,4.17,0.49,6.55,301370,国科恒泰
2025-12-25,301373,32.37,33.5,34.32,32.21,46404.0,156356347.0,6.54,3.88,1.25,12.06,301373,凌玮科技
2025-12-31,301380,31.6,37.8,37.8,31.6,120637.0,439160429.8,19.68,20.0,6.3,14.94,301380,挖金客
2025-12-26,301382,34.35,35.68,36.34,34.2,213228.0,754160832.0,6.19,3.18,1.1,12.1,301382,蜂助手
2026-01-13,301386,25.12,25.63,26.9,24.79,69161.0,177592849.0,8.41,2.11,0.53,16.11,301386,未来电器
2026-01-14,301386,25.68,26.79,26.8,25.45,90895.0,238115042.0,5.27,4.53,1.16,21.18,301386,未来电器
2025-12-24,301387,45.5,49.94,52.43,45.08,81324.0,395739465.0,16.19,10.0,4.54,19.05,301387,光大同创
2026-01-13,301388,33.16,34.57,36.44,32.0,68834.0,235758382.0,13.44,4.66,1.54,25.16,301388,欣灵电气
2025-12-26,301395,10.93,11.55,11.71,10.88,99827.0,113917002.0,7.6,5.77,0.63,7.76,301395,仁信新材
2025-12-29,301395,11.63,12.29,12.69,11.57,175969.0,216188987.0,9.7,6.41,0.74,13.68,301395,仁信新材
2025-12-09,301396,63.01,71.56,73.4,63.01,264578.0,1819806758.0,16.99,16.99,10.39,34.78,301396,宏景科技
2025-12-23,301399,18.85,19.78,21.33,18.79,120188.0,242583780.0,13.71,6.8,1.26,21.98,301399,英特科技
2025-12-24,301399,19.84,20.41,21.15,19.5,128438.0,263562179.0,8.34,3.19,0.63,23.49,301399,英特科技
2025-12-17,301408,15.88,18.2,19.31,15.78,715923.0,1314080325.0,21.94,13.11,2.11,47.99,301408,华人健康
2025-12-30,301413,122.08,137.3,146.78,121.5,107633.0,1422416775.0,20.43,10.95,13.55,18.32,301413,安培龙
2025-12-26,301456,31.07,32.2,32.58,31.06,70049.0,224043832.0,4.84,2.58,0.81,11.58,301456,盘古智能
2025-12-26,301487,21.83,22.48,23.17,21.79,278043.0,623788388.0,6.37,3.83,0.83,10.19,301487,盟固利
2025-12-16,301488,136.58,138.06,143.96,135.26,72543.0,1013365195.0,6.88,9.24,11.68,30.99,301488,豪恩汽电
2026-01-13,301509,36.48,37.95,39.88,36.48,99775.0,383242877.0,9.39,4.78,1.73,17.58,301509,金凯生科
2026-01-05,301515,20.4,22.9,24.0,20.4,97133.0,217948068.0,17.95,14.16,2.84,14.81,301515,港通医疗
2025-12-10,301533,38.51,41.09,41.42,38.12,64934.0,259861775.0,8.52,6.12,2.37,22.83,301533,威马农机
2025-12-10,301538,73.19,80.18,86.5,73.16,59365.0,479086176.0,18.13,8.96,6.59,19.02,301538,骏鼎达
2025-12-12,301548,50.18,53.0,54.0,50.01,62581.0,330011081.0,7.97,5.89,2.95,23.85,301548,崇德科技
2025-12-08,301568,47.7,48.27,48.86,46.8,104852.0,504848637.0,4.41,3.41,1.59,22.03,301568,思泰克
2025-12-10,301575,48.0,51.49,51.95,48.0,36634.0,186238232.0,8.2,6.94,3.34,22.16,301575,艾芬达
2025-12-30,301580,43.25,44.64,45.2,43.16,20756.0,92049736.0,4.72,3.21,1.39,2.88,301580,爱迪特
2026-01-05,301580,44.34,46.58,47.3,44.06,37190.0,172240625.0,7.33,5.38,2.38,5.16,301580,爱迪特
2025-12-22,301587,21.9,23.68,23.98,21.82,71086.0,164797008.0,9.9,8.52,1.86,9.68,301587,中瑞股份
2025-12-29,301589,161.0,166.3,172.0,160.34,19954.0,332169075.0,7.47,6.6,10.3,5.79,301589,诺瓦星云
2026-01-09,301591,41.91,46.0,47.35,41.91,72106.0,322764114.0,12.99,9.84,4.12,21.24,301591,肯特股份
2025-12-25,301592,120.27,126.78,132.99,120.27,30213.0,385258210.0,10.56,5.26,6.34,12.93,301592,六九一二
2025-12-31,301595,43.53,49.05,50.46,43.53,98972.0,474989351.14,16.17,14.47,6.2,40.62,301595,太力科技
2026-01-05,301602,21.65,22.57,22.79,21.65,35470.0,79351174.0,5.29,4.78,1.03,6.08,301602,超研股份
2025-12-25,301607,41.7,43.57,45.25,41.27,97049.0,427446631.0,9.68,6.01,2.47,8.68,301607,富特科技
2026-01-07,301609,42.39,44.13,44.66,42.22,35775.0,156552349.0,5.76,4.1,1.74,10.29,301609,山大电力
2025-12-11,301611,58.0,62.6,63.7,57.0,299202.0,1846490896.0,11.82,10.44,5.92,20.41,301611,珂玛科技
2025-12-12,301611,62.17,66.89,67.05,61.59,335084.0,2200269067.0,8.72,6.85,4.29,22.86,301611,珂玛科技
2025-12-23,301611,79.38,83.67,90.49,79.27,333405.0,2843737901.0,14.71,9.7,7.4,22.75,301611,珂玛科技
2025-12-12,301613,47.99,49.18,49.72,47.6,30142.0,147938831.0,4.46,3.52,1.67,3.59,301613,新铝时代
2025-12-26,301613,46.8,48.32,48.7,46.5,29760.0,142123953.0,4.6,1.0,0.48,3.55,301613,新铝时代
2025-12-23,301628,91.2,96.1,97.22,91.08,60464.0,574855084.0,6.73,5.41,4.93,18.53,301628,强达电路
2026-01-05,301629,233.96,236.99,252.0,233.96,38010.0,924427781.0,8.27,8.61,18.79,36.44,301629,矽电股份
2025-12-23,301630,169.5,179.58,182.72,168.51,15242.0,272867996.0,8.38,5.97,10.11,15.24,301630,同宇新材
2025-12-12,301678,65.11,70.03,70.61,65.01,73841.0,513404233.0,8.57,7.19,4.7,16.22,301678,新恒汇
2025-12-17,302132,76.81,77.81,81.4,76.81,235504.0,1855547870.0,6.26,6.11,4.48,4.02,302132,中航成飞
2025-12-26,600021,19.88,21.86,21.86,19.83,1858823.0,3928584418.0,10.22,10.02,1.99,6.59,600021,上海电力
2025-12-08,600030,28.38,28.7,29.06,28.38,3146217.0,9057705852.0,2.44,3.02,0.84,2.58,600030,中信证券
2025-12-12,600039,9.69,10.25,10.26,9.6,943364.0,948050781.0,6.84,6.22,0.6,1.09,600039,四川路桥
2025-12-09,600058,8.69,9.48,9.48,8.65,297633.0,274378724.0,9.63,9.98,0.86,2.78,600058,五矿发展
2025-12-19,600076,2.86,3.15,3.15,2.85,1007937.0,309376723.0,10.49,10.14,0.29,7.5,600076,康欣新材
2025-12-29,600088,16.05,16.19,16.38,15.94,90532.0,145760055.0,2.75,1.06,0.17,2.28,600088,中视传媒
2025-12-16,600094,4.05,4.1,4.31,3.99,731915.0,301081807.0,7.96,1.99,0.08,3.44,600094,大名城
2025-12-25,600106,6.35,6.5,6.5,6.35,381918.0,245513326.0,2.42,4.84,0.3,2.87,600106,重庆路桥
2026-01-09,600108,3.3,3.53,3.61,3.28,1982875.0,705459452.0,10.06,7.62,0.25,10.18,600108,亚盛集团
2026-01-07,600111,49.3,50.5,51.15,48.26,2713315.0,13535983090.0,6.0,4.88,2.35,7.51,600111,北方稀土
2026-01-08,600133,9.16,9.7,9.87,9.14,677388.0,649358001.0,7.94,5.55,0.51,6.35,600133,东湖高新
2026-01-09,600133,9.63,10.66,10.67,9.62,1382427.0,1458808825.0,10.82,9.9,0.96,12.97,600133,东湖高新
2025-12-08,600135,8.24,8.64,9.05,8.18,440655.0,381099608.0,10.57,4.98,0.41,7.96,600135,乐凯胶片
2025-12-10,600135,8.49,8.94,9.36,8.49,730911.0,664576329.0,10.22,5.05,0.43,13.21,600135,乐凯胶片
2025-12-29,600178,11.98,13.16,13.16,11.98,268504.0,345594693.0,9.87,10.03,1.2,5.76,600178,东安动力
2025-12-15,600186,5.27,5.81,5.81,5.26,1604746.0,909298371.0,10.42,10.04,0.53,8.97,600186,莲花控股
2026-01-06,600206,20.9,21.84,21.86,20.9,597581.0,1287652143.0,4.61,4.9,1.02,7.06,600206,有研新材
2025-12-12,600232,6.85,7.03,7.51,6.78,295985.0,211800433.0,10.69,2.93,0.2,8.12,600232,金鹰股份
2025-12-15,600232,7.2,7.73,7.73,6.66,509621.0,371210938.0,15.22,9.96,0.7,13.97,600232,金鹰股份
2025-12-12,600237,8.11,8.99,8.99,8.05,885480.0,760592057.0,11.51,10.04,0.82,14.24,600237,铜峰电子
2025-12-15,600237,9.0,9.07,9.33,8.69,1313395.0,1179038373.0,7.12,0.89,0.08,21.13,600237,铜峰电子
2025-12-08,600250,10.3,11.24,11.24,10.24,270498.0,294728262.0,9.78,9.98,1.02,8.71,600250,南京商旅
2025-12-09,600250,12.15,12.36,12.36,11.42,681525.0,824531768.0,8.36,9.96,1.12,21.94,600250,南京商旅
2025-12-22,600259,52.87,55.97,56.78,52.52,267721.0,1480336531.0,8.05,5.8,3.07,7.96,600259,中稀有色
2025-12-31,600273,8.44,8.74,8.83,8.44,328344.0,284996677.0,4.63,3.68,0.31,2.42,600273,嘉化能源
2026-01-06,600273,8.75,9.59,9.59,8.75,793360.0,741185500.0,9.63,9.98,0.87,5.85,600273,嘉化能源
2026-01-12,600278,7.83,8.24,8.39,7.82,247710.0,200877731.0,7.26,4.97,0.39,2.84,600278,东方创业
2025-12-11,600280,4.36,4.42,4.71,4.02,2697495.0,1159413134.0,15.44,-1.12,-0.05,23.91,600280,中央商场
2025-12-29,600292,12.85,12.89,13.3,12.67,244816.0,316959194.0,4.95,1.34,0.17,3.14,600292,远达环保
2025-12-12,600312,17.27,18.37,18.6,17.26,584946.0,1057141806.0,7.78,6.62,1.14,4.31,600312,平高电气
2025-12-29,600316,32.3,33.91,34.37,31.92,270020.0,904685801.0,7.6,5.15,1.66,3.77,600316,洪都航空
2025-12-10,600327,5.34,5.51,5.88,5.32,1494065.0,836309474.0,10.47,2.99,0.16,16.89,600327,大东方
2025-12-29,600328,8.12,8.36,8.48,8.1,430870.0,359941551.0,4.71,3.59,0.29,2.94,600328,中盐化工
2025-12-09,600330,10.28,11.31,11.31,10.18,1582863.0,1700080618.0,10.99,10.02,1.03,12.83,600330,天通股份
2025-12-10,600330,11.6,12.44,12.44,11.45,2501339.0,3027693428.0,8.75,9.99,1.13,20.28,600330,天通股份
2025-12-26,600348,7.69,8.17,8.3,7.68,1139108.0,921863733.0,8.05,6.1,0.47,3.16,600348,华阳股份
2025-12-29,600348,8.32,8.43,8.67,8.31,1391815.0,1185255352.0,4.41,3.18,0.26,3.86,600348,华阳股份
2025-12-11,600350,9.26,9.4,9.58,9.23,285717.0,270153191.0,3.76,1.08,0.1,0.59,600350,山东高速
2025-12-11,600353,15.77,16.7,17.28,15.73,626667.0,1039596159.0,9.8,5.56,0.88,7.56,600353,旭光电子
2025-12-08,600366,14.04,14.54,15.05,13.88,1383319.0,1990347086.0,8.33,3.56,0.5,12.59,600366,宁波韵升
2025-12-19,600367,16.35,17.13,17.13,16.35,273090.0,461431684.0,5.01,10.02,1.56,8.48,600367,红星发展
2025-12-22,600367,17.9,18.15,18.39,17.28,684734.0,1231414463.0,6.48,5.95,1.02,21.27,600367,红星发展
2025-12-25,600370,2.22,2.43,2.43,2.19,939205.0,222848419.0,10.86,9.95,0.22,2.41,600370,三房巷
2025-12-29,600398,6.12,6.17,6.34,6.11,709118.0,441249032.0,3.76,0.82,0.05,1.48,600398,海澜之家
2025-12-15,600399,5.25,5.72,5.72,5.25,1614143.0,905852412.0,9.04,10.0,0.52,8.18,600399,抚顺特钢
2026-01-13,600406,23.8,24.4,24.84,23.36,1556286.0,3758050082.0,6.23,2.74,0.65,1.95,600406,国电南瑞
2025-12-29,600410,17.59,17.92,18.39,17.59,1648577.0,2980185354.0,4.62,3.46,0.6,15.03,600410,华胜天成
2026-01-06,600446,16.07,17.02,17.22,16.02,596369.0,992845178.0,7.48,6.04,0.97,6.34,600446,金证股份
2025-12-18,600456,31.98,34.81,35.5,31.98,507260.0,1760855590.0,10.91,7.87,2.54,10.62,600456,宝钛股份
2026-01-07,600458,14.08,14.18,14.35,13.91,466756.0,659832788.0,3.23,4.11,0.56,5.76,600458,时代新材
2025-12-24,600475,17.35,19.1,19.1,17.24,281386.0,524068072.0,10.71,10.02,1.74,2.98,600475,华光环能
2025-12-29,600477,2.68,2.96,2.96,2.66,1479047.0,425373217.0,11.15,10.04,0.27,6.24,600477,杭萧钢构
2025-12-31,600477,2.84,2.97,3.1,2.84,2300460.0,681968971.0,9.22,5.32,0.15,9.71,600477,杭萧钢构
2026-01-05,600491,2.65,2.9,2.9,2.65,519333.0,146959603.0,9.47,9.85,0.26,3.39,600491,龙元建设
2025-12-11,600520,25.52,26.33,26.7,25.08,65925.0,172207676.0,6.37,3.5,0.89,4.16,600520,三佳科技
2025-12-12,600522,17.0,17.69,17.81,16.97,2278565.0,3995253987.0,4.93,3.75,0.64,6.68,600522,中天科技
2025-12-30,600552,11.25,12.43,12.43,11.23,1002894.0,1233278880.0,10.62,10.0,1.13,10.62,600552,凯盛科技
2025-12-31,600556,5.73,6.07,6.19,5.73,1605154.0,966797170.0,7.99,5.38,0.31,8.88,600556,天下秀
2026-01-05,600556,6.26,6.68,6.68,6.12,2727243.0,1788803222.0,9.23,10.05,0.61,15.09,600556,天下秀
2025-12-25,600561,6.67,6.72,6.94,6.58,148344.0,100062048.0,5.41,1.05,0.07,5.21,600561,江西长运
2025-12-15,600562,27.05,28.2,28.68,27.0,332669.0,932254758.0,6.26,5.07,1.36,2.68,600562,国睿科技
2025-12-22,600580,40.96,43.81,43.81,40.83,1648649.0,7089229662.0,7.48,9.99,3.98,10.58,600580,卧龙电驱
2026-01-05,600587,14.79,15.84,15.84,14.79,486229.0,754039601.0,7.29,10.0,1.44,8.05,600587,新华医疗
2025-12-09,600589,7.38,7.65,7.98,7.38,2667615.0,2083854558.0,8.28,5.52,0.4,18.04,600589,大位科技
2026-01-06,600589,7.97,7.98,8.1,7.61,2929522.0,2323422806.0,6.63,7.98,0.59,19.81,600589,大位科技
2026-01-07,600589,7.96,8.4,8.78,7.95,4208092.0,3522835235.0,10.4,5.26,0.42,28.46,600589,大位科技
2025-12-29,600602,17.99,18.79,19.25,17.91,419582.0,785141250.0,7.45,4.51,0.81,3.91,600602,云赛智联
2025-12-19,600605,28.02,30.12,30.52,28.02,67168.0,199177392.0,8.92,7.49,2.1,3.26,600605,汇通能源
2026-01-14,600609,4.71,4.9,4.94,4.67,693055.0,333263923.0,5.74,4.26,0.2,5.31,600609,金杯汽车
2026-01-06,600611,5.53,6.07,6.07,5.51,1443759.0,858965138.0,10.14,9.96,0.55,9.24,600611,大众交通
2026-01-07,600618,13.2,13.32,13.54,13.15,474133.0,629142625.0,2.96,1.06,0.14,6.32,600618,氯碱化工
2025-12-29,600637,9.45,9.98,10.15,9.45,1188045.0,1165834124.0,7.42,5.83,0.55,3.53,600637,东方明珠
2025-12-12,600642,8.15,8.16,8.18,8.07,659638.0,535492739.0,1.34,-0.24,-0.02,1.35,600642,申能股份
2025-12-12,600644,10.18,10.5,10.66,10.12,361557.0,380020250.0,5.3,3.14,0.32,6.25,600644,乐山电力
2025-12-08,600650,15.4,15.56,15.67,15.25,230153.0,355194690.0,2.68,-0.77,-0.12,5.89,600650,锦江在线
2026-01-06,600650,15.6,16.59,16.95,15.52,367485.0,600926580.0,9.24,7.24,1.12,9.41,600650,锦江在线
2026-01-12,600651,7.69,8.4,8.4,7.65,1082062.0,884564108.0,9.82,9.95,0.76,4.32,600651,飞乐音响
2025-12-09,600658,5.46,5.57,5.72,5.41,459804.0,256764405.0,5.66,1.64,0.09,4.11,600658,电子城
2025-12-09,600673,21.8,23.79,23.79,21.8,972971.0,2273243550.0,9.2,9.99,2.16,3.24,600673,东阳光
2026-01-09,600676,6.2,6.79,6.79,6.17,467644.0,313600771.0,10.05,10.05,0.62,4.55,600676,交运股份
2025-12-30,600688,2.75,2.85,2.92,2.74,1411979.0,401751107.0,6.55,3.64,0.1,1.93,600688,上海石化
2025-12-11,600693,14.28,14.92,14.92,13.53,2170960.0,3171232802.0,10.25,10.03,1.36,24.98,600693,东百集团
2025-12-10,600694,17.26,18.4,18.57,17.23,182803.0,327730548.0,7.81,7.23,1.24,5.31,600694,大商股份
2025-12-09,600703,13.41,14.02,14.38,13.41,1906219.0,2645350643.0,7.3,5.49,0.73,3.82,600703,三安光电
2025-12-26,600708,3.24,3.58,3.58,3.23,618616.0,215952099.0,10.77,10.15,0.33,2.78,600708,光明地产
2026-01-08,600716,3.93,4.21,4.23,3.92,324498.0,133996882.0,7.87,6.85,0.27,3.47,600716,凤凰股份
2026-01-07,600718,10.5,10.68,11.15,10.36,641269.0,687717196.0,7.52,1.71,0.18,5.37,600718,东软集团
2025-12-26,600719,6.05,6.22,6.34,6.01,202289.0,125946417.0,5.49,3.49,0.21,5.0,600719,大连热电
2026-01-06,600722,6.1,6.49,6.6,6.09,424511.0,271466324.0,8.44,7.45,0.45,6.24,600722,金牛化工
2025-12-22,600724,5.47,5.75,5.85,5.44,347226.0,198459195.0,7.5,5.12,0.28,2.4,600724,宁波富达
2025-12-29,600736,6.84,7.27,7.27,6.71,1423644.0,1011174420.0,8.47,9.98,0.66,12.37,600736,苏州高新
2025-12-12,600741,19.75,20.0,20.0,19.43,275856.0,546811388.0,2.89,1.32,0.26,0.87,600741,华域汽车
2025-12-12,600744,6.05,6.28,6.29,6.03,894289.0,557748809.0,4.3,3.97,0.24,4.4,600744,华银电力
2025-12-26,600746,6.92,7.03,7.25,6.9,124344.0,87960429.0,5.07,1.88,0.13,1.07,600746,江苏索普
2025-12-22,600751,3.77,4.03,4.09,3.77,1295751.0,516662697.0,8.49,6.9,0.26,5.04,600751,海航科技
2025-12-11,600776,13.84,14.63,15.22,13.72,911058.0,1321688915.0,10.84,5.71,0.79,9.53,600776,东方通信
2025-12-25,600779,36.15,39.8,39.8,36.04,111130.0,429106196.0,10.39,10.01,3.62,2.28,600779,水井坊
2026-01-13,600800,3.56,3.91,3.91,3.52,1212130.0,467506087.0,10.99,10.14,0.36,10.92,600800,渤海化学
2025-12-24,600807,3.18,3.26,3.44,3.18,705154.0,231943064.0,8.31,4.15,0.13,8.96,600807,济高发展
2025-12-22,600817,10.99,11.28,11.53,10.92,69790.0,78985973.0,5.58,3.11,0.34,1.32,600817,宇通重工
2026-01-12,600821,5.3,5.4,5.5,5.29,565240.0,304509114.0,4.0,2.86,0.15,2.83,600821,金开新能
2025-12-19,600824,4.91,4.99,5.1,4.78,1954642.0,970128477.0,6.53,1.84,0.09,18.54,600824,益民集团
2026-01-05,600826,11.13,11.59,11.59,11.13,155012.0,178603734.0,4.36,9.96,1.05,2.11,600826,兰生股份
2025-12-22,600830,9.28,9.55,9.71,9.28,139506.0,133004802.0,4.63,2.8,0.26,3.07,600830,香溢融通
2025-12-19,600838,10.09,11.09,11.09,10.08,722078.0,781730286.0,10.02,10.02,1.01,18.01,600838,上海九百
2025-12-23,600838,10.99,12.02,12.65,10.61,1298109.0,1491436727.0,17.74,4.52,0.52,32.38,600838,上海九百
2026-01-12,600839,9.44,10.38,10.38,9.44,4015340.0,3998166494.0,9.96,9.96,0.94,8.7,600839,四川长虹
2025-12-31,600843,11.99,12.54,13.21,11.99,848199.0,1081369223.0,10.16,4.41,0.53,18.08,600843,上工申贝
2025-12-08,600853,4.47,4.59,4.82,4.47,1069624.0,495146382.0,7.94,4.08,0.18,10.58,600853,龙建股份
2025-12-11,600865,9.78,10.8,10.8,9.45,488450.0,506165834.0,13.75,9.98,0.98,12.98,600865,百大集团
2025-12-12,600865,11.17,11.88,11.88,10.36,599663.0,669270372.0,14.07,10.0,1.08,15.94,600865,百大集团
2026-01-12,600868,3.56,3.91,3.91,3.56,2334055.0,885872790.0,9.86,10.14,0.36,12.3,600868,梅雁吉祥
2025-12-12,600875,22.3,24.05,24.05,22.3,1381187.0,3228697852.0,8.01,10.02,2.19,6.1,600875,东方电气
2025-12-08,600909,6.59,6.68,6.8,6.55,1299536.0,872904366.0,3.86,3.09,0.2,2.78,600909,华安证券
2025-12-08,600927,15.02,15.63,16.04,15.02,221476.0,345009061.0,6.85,4.97,0.74,1.52,600927,永安期货
2025-12-29,600927,15.53,16.08,16.55,15.46,225764.0,362529970.0,7.04,3.81,0.59,1.55,600927,永安期货
2025-12-12,600936,4.05,4.11,4.11,3.83,1626508.0,656881549.0,7.49,9.89,0.37,9.73,600936,广西广电
2025-12-15,600936,4.18,4.52,4.52,4.18,2472746.0,1098873873.0,8.27,9.98,0.41,14.8,600936,广西广电
2025-12-29,600955,15.68,16.82,17.13,15.59,229452.0,383954483.0,9.89,8.03,1.25,4.17,600955,维远股份
2025-12-16,600960,5.18,5.22,5.38,5.13,481768.0,251519787.0,4.95,3.37,0.17,5.07,600960,渤海汽车
2025-12-22,600963,4.26,4.39,4.45,4.25,438082.0,191481449.0,4.71,3.29,0.14,2.49,600963,岳阳林纸
2025-12-26,600965,5.73,6.13,6.3,5.71,618008.0,380316569.0,10.3,6.98,0.4,7.55,600965,福成股份
2025-12-08,600973,6.29,6.48,6.48,6.16,2009440.0,1293649807.0,5.43,10.02,0.59,14.65,600973,宝胜股份
2026-01-09,600986,8.8,9.76,9.76,8.71,2379088.0,2258318080.0,11.84,10.03,0.89,16.0,600986,浙文互联
2025-12-08,600990,27.15,28.22,29.4,26.72,230967.0,644270162.0,10.01,5.38,1.44,8.59,600990,四创电子
2026-01-05,600998,5.13,5.32,5.38,5.13,904168.0,477188908.0,4.88,3.91,0.2,1.79,600998,九州通
2025-12-08,600999,16.79,16.82,17.07,16.76,860933.0,1456123024.0,1.88,1.82,0.3,1.16,600999,招商证券
2025-12-29,601026,19.2,20.57,21.02,19.09,224684.0,461032813.0,10.06,7.19,1.38,20.96,601026,道生天合
2025-12-11,601038,13.62,13.8,14.08,13.4,270445.0,373416536.0,4.99,1.32,0.18,3.7,601038,一拖股份
2025-12-22,601068,5.03,5.53,5.53,5.03,512681.0,273482819.0,9.94,9.94,0.5,2.0,601068,中铝国际
2025-12-23,601068,5.53,5.62,5.7,5.45,677100.0,378231199.0,4.52,1.63,0.09,2.65,601068,中铝国际
2025-12-10,601086,10.88,10.9,11.55,10.85,459015.0,510755605.0,6.64,3.32,0.35,6.89,601086,国芳集团
2026-01-06,601089,27.0,27.65,28.04,26.38,127083.0,346346232.0,6.29,4.73,1.25,2.65,601089,福元医药
2025-12-08,601106,3.58,3.76,3.76,3.45,3285126.0,1200538589.0,9.06,9.94,0.34,4.79,601106,中国一重
2025-12-08,601108,8.35,8.47,8.6,8.34,995230.0,853761920.0,3.15,2.54,0.21,2.14,601108,财通证券
2025-12-29,601113,4.37,4.81,4.81,4.36,1181786.0,556221319.0,10.3,10.07,0.44,10.7,601113,华鼎股份
2026-01-07,601117,7.76,8.24,8.44,7.76,2708368.0,2235027359.0,8.77,6.32,0.49,4.45,601117,中国化学
2026-01-06,601162,4.2,4.39,4.43,4.19,4845641.0,2106365346.0,5.7,4.28,0.18,5.64,601162,天风证券
2025-12-15,601179,9.52,9.6,9.89,9.5,5457560.0,5274841206.0,4.3,5.73,0.52,10.65,601179,中国西电
2025-12-08,601211,20.15,20.38,20.65,20.14,2329513.0,4769170544.0,2.58,3.29,0.65,1.73,601211,国泰海通
2026-01-06,601216,4.85,5.31,5.34,4.84,4126325.0,2156412603.0,10.31,9.48,0.46,4.89,601216,君正集团
2026-01-14,601216,5.14,5.67,5.67,5.13,5943024.0,3316634615.0,10.49,10.1,0.52,7.04,601216,君正集团
2026-01-13,601222,5.64,5.9,5.95,5.61,715770.0,414234134.0,6.03,4.61,0.26,3.47,601222,林洋能源
2025-12-12,601369,9.94,10.35,10.44,9.9,779300.0,794512995.0,5.41,3.71,0.37,4.57,601369,陕鼓动力
2025-12-08,601377,7.43,7.65,7.87,7.34,8299936.0,6485794786.0,7.41,6.99,0.5,9.61,601377,兴业证券
2025-12-08,601399,4.79,4.92,5.07,4.56,9124622.0,4381029978.0,11.02,6.26,0.29,12.65,601399,国机重装
2026-01-06,601519,13.3,14.77,14.77,13.3,1124828.0,1596138831.0,10.95,9.98,1.34,5.65,601519,大智慧
2026-01-06,601567,23.52,24.68,25.15,23.45,435459.0,1067417337.0,7.29,5.88,1.37,3.1,601567,三星医疗
2026-01-06,601568,3.78,3.98,4.01,3.78,723633.0,284435747.0,6.1,5.57,0.21,1.82,601568,北元集团
2025-12-29,601599,3.82,3.92,4.04,3.82,568232.0,223450811.0,5.73,2.08,0.08,4.9,601599,浙文影业
2026-01-13,601616,4.05,4.19,4.28,4.0,682192.0,282973676.0,6.88,2.95,0.12,7.99,601616,广电电气
2025-12-12,601619,4.22,4.63,4.63,4.21,1449240.0,649631110.0,9.98,9.98,0.42,5.95,601619,嘉泽新能
2025-12-12,601633,21.89,22.69,22.85,21.7,441932.0,990990384.0,5.22,2.95,0.65,0.71,601633,长城汽车
2026-01-06,601678,4.33,4.75,4.75,4.32,1181436.0,544284629.0,9.95,9.95,0.43,5.78,601678,滨化股份
2025-12-11,601700,4.93,5.09,5.37,4.93,484637.0,249055128.0,8.92,3.25,0.16,4.24,601700,风范股份
2025-12-12,601727,8.47,8.85,8.85,8.44,3174415.0,2771844869.0,4.83,4.36,0.37,2.52,601727,上海电气
2025-12-15,601778,3.42,3.71,3.71,3.4,2508415.0,911114858.0,9.2,10.09,0.34,7.02,601778,晶科科技
2025-12-16,601778,3.73,3.88,3.97,3.66,4978083.0,1912849950.0,8.36,4.58,0.17,13.94,601778,晶科科技
2025-12-26,601788,17.55,17.81,18.11,17.5,597634.0,1062834933.0,3.48,1.6,0.28,1.53,601788,光大证券
2025-12-12,601799,124.51,127.06,127.06,121.0,80148.0,998552842.0,4.87,2.05,2.55,2.81,601799,星宇股份
2026-01-09,601811,14.0,14.67,15.32,14.0,139147.0,204458996.0,9.44,4.86,0.68,1.76,601811,新华文轩
2025-12-31,601827,8.26,8.47,8.56,8.25,122055.0,103098337.0,3.75,2.42,0.2,0.73,601827,三峰环境
2025-12-31,601886,7.88,8.16,8.25,7.88,95102.0,76937759.0,4.67,2.9,0.23,0.84,601886,江河集团
2026-01-06,601886,8.2,8.97,8.97,8.12,174081.0,152375659.0,10.43,10.06,0.82,1.54,601886,江河集团
2026-01-06,601901,7.88,8.08,8.08,7.86,1500688.0,1200565895.0,2.8,2.67,0.21,1.82,601901,方正证券
2025-12-10,601908,4.11,4.17,4.5,3.95,2371249.0,980976439.0,13.38,1.46,0.06,9.82,601908,京运通
2026-01-05,601921,7.78,8.1,8.1,7.78,257915.0,207024008.0,4.09,3.58,0.28,1.16,601921,浙版传媒
2025-12-08,601933,3.87,4.32,4.32,3.86,4302561.0,1798563943.0,11.7,9.92,0.39,4.74,601933,永辉超市
2025-12-09,601933,4.38,4.75,4.75,4.17,9170301.0,4156059286.0,13.43,9.95,0.43,10.1,601933,永辉超市
2025-12-11,601933,5.38,5.55,5.7,4.95,19367507.0,10301995545.0,14.34,6.12,0.32,21.34,601933,永辉超市
2025-12-09,601949,6.43,6.62,6.85,6.4,230771.0,153645234.0,6.99,2.8,0.18,1.21,601949,中国出版
2026-01-06,601965,16.71,17.81,17.94,16.68,221916.0,388701495.0,7.54,6.58,1.1,2.22,601965,中国汽研
2025-12-29,601992,1.68,1.72,1.79,1.68,1643466.0,284611520.0,6.55,2.38,0.04,1.97,601992,金隅集团
2025-12-19,603001,8.4,9.02,9.25,8.4,213050.0,193108279.0,10.11,7.25,0.61,5.31,603001,奥康国际
2025-12-24,603002,7.25,7.7,7.78,7.25,576756.0,435702307.0,7.3,6.06,0.44,5.09,603002,宏昌电子
2026-01-15,603002,7.54,8.19,8.34,7.5,1169075.0,941760789.0,11.08,8.05,0.61,10.31,603002,宏昌电子
2025-12-25,603004,23.15,23.79,24.6,23.0,56590.0,134580340.0,6.91,2.76,0.64,9.61,603004,鼎龙科技
2025-12-11,603011,21.89,23.65,24.06,21.82,1237273.0,2855934749.0,10.24,8.14,1.78,25.03,603011,合锻智能
2025-12-08,603015,12.27,12.68,12.78,12.11,279089.0,347846957.0,5.5,4.11,0.5,6.9,603015,弘讯科技
2025-12-12,603016,26.58,27.05,27.88,26.39,57236.0,156367172.0,5.61,1.77,0.47,3.86,603016,新宏泰
2025-12-18,603022,9.54,10.53,10.53,9.52,288209.0,298402378.0,10.55,10.03,0.96,14.41,603022,新通联
2025-12-09,603023,5.26,5.45,5.45,5.03,1015961.0,539691352.0,8.48,10.1,0.5,18.2,603023,威帝股份
2025-12-22,603028,7.62,7.96,8.33,7.55,501713.0,405966461.0,10.3,5.15,0.39,17.65,603028,赛福天
2025-12-12,603031,40.7,44.19,44.19,39.68,142002.0,609817362.0,11.23,10.01,4.02,6.73,603031,安孚科技
2026-01-06,603035,15.99,16.19,16.49,15.99,184156.0,298919245.0,3.19,3.32,0.52,5.03,603035,常熟汽饰
2025-12-30,603037,13.35,14.56,14.8,13.26,321069.0,462917423.0,11.45,8.25,1.11,12.06,603037,凯众股份
2025-12-29,603038,15.9,16.59,17.35,15.73,156278.0,257719992.0,10.24,4.87,0.77,5.82,603038,华立股份
2025-12-30,603039,51.45,51.83,53.49,50.5,38671.0,202355452.0,5.95,3.14,1.58,1.48,603039,泛微网络
2026-01-09,603045,20.78,22.5,22.64,20.78,103254.0,227451722.0,8.95,8.28,1.72,7.62,603045,福达合金
2026-01-06,603051,22.41,23.08,23.5,22.35,170163.0,390607748.0,5.2,4.34,0.96,10.53,603051,鹿山新材
2025-12-23,603052,30.39,32.74,33.55,30.23,173743.0,566590373.0,10.89,7.34,2.24,9.25,603052,可川科技
2026-01-08,603057,23.21,24.77,25.26,23.01,144028.0,355096480.0,9.8,7.88,1.81,3.5,603057,紫燕食品
2025-12-12,603058,8.7,9.2,9.59,8.61,288105.0,265984181.0,11.24,5.5,0.48,6.97,603058,永吉股份
2025-12-22,603059,31.0,31.5,32.6,30.88,40871.0,129816430.0,5.59,2.34,0.72,4.07,603059,倍加洁
2026-01-13,603059,35.28,36.25,37.5,33.25,82827.0,294505395.0,12.18,3.93,1.37,8.25,603059,倍加洁
2026-01-05,603061,142.8,154.44,154.44,142.46,31632.0,479718028.0,8.53,10.0,14.04,7.56,603061,金海通
2025-12-17,603062,45.38,47.1,47.21,44.58,21708.0,100703153.0,5.81,4.09,1.85,5.86,603062,麦加芯彩
2025-12-12,603063,29.59,31.14,31.42,28.98,426511.0,1308760794.0,8.38,7.01,2.04,9.32,603063,禾望电气
2026-01-07,603078,18.98,19.25,19.66,18.88,363048.0,697580710.0,4.2,3.55,0.66,9.41,603078,江化微
2025-12-23,603080,22.81,24.14,25.0,22.55,112472.0,270724487.0,10.74,5.83,1.33,7.95,603080,新疆火炬
2025-12-30,603085,11.36,11.98,12.54,11.35,497079.0,601978690.0,10.44,5.09,0.58,12.52,603085,天成自控
2025-12-17,603088,9.54,10.3,10.48,9.54,315964.0,317751902.0,9.83,7.74,0.74,7.22,603088,宁波精达
2025-12-09,603090,45.0,50.0,50.0,45.0,128406.0,626610674.0,11.0,10.01,4.55,12.84,603090,宏盛股份
2025-12-10,603095,14.53,15.95,15.95,14.45,111006.0,173875443.0,10.34,10.0,1.45,4.3,603095,越剑智能
2025-12-24,603097,27.7,30.42,30.42,27.7,88027.0,254477587.0,9.84,10.02,2.77,5.5,603097,江苏华辰
2025-12-24,603098,13.11,13.51,13.78,13.05,103039.0,139498712.0,5.56,2.82,0.37,1.91,603098,森特股份
2025-12-25,603098,13.93,14.29,14.86,13.91,223119.0,323700600.0,7.03,5.77,0.78,4.14,603098,森特股份
2025-12-09,603108,15.38,15.69,15.98,15.38,303499.0,478257583.0,3.97,3.84,0.58,5.03,603108,润达医疗
2025-12-18,603108,15.0,15.65,15.88,14.99,284272.0,443439781.0,5.87,3.3,0.5,4.71,603108,润达医疗
2026-01-05,603108,14.95,15.82,15.85,14.91,326962.0,506296331.0,6.29,5.82,0.87,5.42,603108,润达医疗
2026-01-09,603108,16.39,17.94,17.94,16.38,846224.0,1476248900.0,9.56,9.99,1.63,14.02,603108,润达医疗
2026-01-12,603108,19.0,19.47,19.73,18.7,1095606.0,2123100102.0,5.74,8.53,1.53,18.15,603108,润达医疗
2025-12-09,603110,15.97,16.86,17.56,15.89,315414.0,536744778.0,10.46,5.64,0.9,15.67,603110,东方材料
2025-12-10,603110,16.78,17.19,17.62,16.71,341611.0,586549607.0,5.4,1.96,0.33,16.98,603110,东方材料
2025-12-29,603116,5.78,6.3,6.3,5.67,219337.0,134653891.0,10.99,9.95,0.57,3.81,603116,红蜻蜓
2025-12-25,603119,90.21,99.25,99.25,90.21,186883.0,1798215028.0,10.02,10.0,9.02,9.17,603119,浙江荣泰
2025-12-09,603123,11.4,12.03,12.49,11.38,314923.0,378415415.0,9.66,4.7,0.54,4.83,603123,翠微股份
2025-12-17,603123,13.02,14.12,14.12,13.02,1289397.0,1743731164.0,8.57,9.97,1.28,19.77,603123,翠微股份
2025-12-09,603124,74.35,76.23,78.9,72.85,38864.0,298239170.0,8.17,2.94,2.18,13.3,603124,江南新材
2025-12-09,603127,28.5,29.96,30.77,28.5,461607.0,1385866421.0,8.12,7.11,1.99,7.32,603127,昭衍新药
2025-12-18,603150,36.33,36.95,37.88,35.73,25889.0,96626944.0,5.93,1.9,0.69,3.03,603150,万朗磁塑
2025-12-19,603150,36.95,38.28,39.09,36.62,44707.0,170857100.0,6.68,3.6,1.33,5.23,603150,万朗磁塑
2025-12-31,603156,27.5,28.75,28.75,26.61,193780.0,536011002.0,8.19,9.98,2.61,1.54,603156,养元饮品
2025-12-25,603163,79.99,85.92,85.92,77.89,72265.0,586472851.0,10.28,10.0,7.81,7.23,603163,圣晖集成
2025-12-11,603173,39.7,40.77,41.25,38.89,67628.0,273852014.0,6.0,3.69,1.45,13.65,603173,福斯达
2026-01-08,603191,16.01,16.2,16.56,16.01,204072.0,331164309.0,3.54,4.18,0.65,6.18,603191,望变电气
2025-12-25,603194,37.36,38.56,38.59,36.6,63587.0,240021815.0,5.35,3.66,1.36,4.02,603194,中力股份
2025-12-30,603205,27.98,29.24,31.05,27.98,81219.0,242256508.0,10.87,3.54,1.0,19.65,603205,健尔康
2025-12-12,603262,27.66,28.17,28.41,27.65,18038.0,50760684.0,2.74,1.62,0.45,4.65,603262,技源集团
2025-12-22,603262,27.48,28.82,29.55,27.39,30611.0,87422586.0,7.86,4.84,1.33,7.89,603262,技源集团
2025-12-11,603266,20.14,20.95,21.12,19.81,94244.0,193801285.0,6.51,4.07,0.82,4.74,603266,天龙股份
2025-12-26,603269,13.0,13.72,14.1,12.75,366345.0,499264806.0,10.47,6.36,0.82,11.87,603269,海鸥股份
2025-12-25,603270,24.19,25.23,25.25,24.01,56739.0,140776453.0,5.14,4.6,1.11,8.02,603270,金帝股份
2025-12-26,603270,25.52,25.76,25.8,24.75,77127.0,195183184.0,4.16,2.1,0.53,10.91,603270,金帝股份
2025-12-31,603272,18.28,20.11,20.11,18.13,52438.0,102227243.0,10.83,10.01,1.83,5.06,603272,联翔股份
2025-12-29,603276,16.7,16.93,17.39,16.65,40434.0,68735009.0,4.45,1.74,0.29,5.35,603276,恒兴新材
2026-01-07,603281,27.93,29.5,30.15,27.91,66987.0,196593898.0,7.99,5.17,1.45,2.66,603281,江瀚新材
2025-12-15,603285,24.6,24.95,25.98,24.6,44682.0,112474296.0,5.71,3.18,0.77,7.17,603285,键邦股份
2025-12-22,603300,7.1,7.78,7.78,7.1,3158091.0,2408524274.0,9.62,10.04,0.71,15.82,603300,海南华铁
2025-12-08,603306,47.63,50.34,51.08,47.63,144969.0,720726819.0,7.22,5.31,2.54,4.4,603306,华懋科技
2025-12-24,603311,13.38,14.88,14.88,13.35,221827.0,326600599.0,11.31,9.98,1.35,9.4,603311,金海高科
2025-12-12,603315,14.59,15.79,16.09,14.3,395249.0,616556461.0,12.24,7.93,1.16,12.34,603315,福鞍股份
2026-01-13,603319,34.81,37.7,38.29,34.63,558571.0,2093370506.0,10.51,8.3,2.89,16.47,603319,美湖股份
2025-12-23,603321,7.8,7.97,8.24,7.7,103909.0,82913477.0,6.99,3.1,0.24,3.43,603321,梅轮电梯
2025-12-22,603324,23.88,24.6,25.2,23.75,54893.0,134613561.0,6.09,3.4,0.81,3.72,603324,盛剑科技
2025-12-23,603324,24.59,26.5,27.06,24.27,140266.0,369442197.0,11.34,7.72,1.9,9.5,603324,盛剑科技
2025-12-29,603332,12.54,13.79,13.79,12.53,101195.0,137620068.0,10.05,9.97,1.25,4.68,603332,苏州龙杰
2025-12-25,603339,13.11,13.24,13.68,13.11,71115.0,94621529.0,4.37,1.61,0.21,2.3,603339,四方科技
2026-01-05,603373,38.63,39.88,40.3,38.28,25734.0,101598142.0,5.32,5.06,1.92,5.66,603373,安邦护卫
2025-12-16,603390,12.26,12.83,13.19,12.17,290810.0,373242441.0,8.51,7.01,0.84,8.3,603390,通达电气
2026-01-05,603400,51.79,54.27,54.96,51.52,21825.0,118558298.0,6.64,4.79,2.48,10.91,603400,华之杰
2026-01-09,603416,62.2,64.5,65.65,60.68,119324.0,758796950.0,8.13,5.51,3.37,8.57,603416,信捷电气
2026-01-05,603466,9.34,10.03,10.18,9.31,474615.0,465785391.0,9.29,7.16,0.67,7.98,603466,风语筑
2026-01-06,603466,10.0,10.24,10.35,9.9,487175.0,498313575.0,4.49,2.09,0.21,8.19,603466,风语筑
2026-01-07,603488,7.96,8.7,8.7,7.92,338925.0,286171039.0,9.86,9.99,0.79,11.61,603488,展鹏科技
2025-12-18,603500,11.11,11.71,12.03,11.09,139020.0,161927927.0,8.42,4.93,0.55,4.19,603500,祥和实业
2025-12-11,603506,14.63,14.86,14.86,14.63,180446.0,267263474.0,1.7,9.99,1.35,9.61,603506,南都物业
2026-01-05,603507,26.66,28.94,28.94,26.32,300968.0,848735391.0,9.96,10.0,2.63,16.56,603507,振江股份
2025-12-10,603527,10.89,11.21,11.7,10.79,245905.0,278812782.0,8.36,2.94,0.32,7.76,603527,众源新材
2025-12-10,603535,10.6,11.09,11.22,10.54,130129.0,142593398.0,6.42,4.72,0.5,2.55,603535,嘉诚国际
2025-12-12,603566,12.82,12.92,12.92,12.55,108762.0,137889420.0,2.9,1.1,0.14,3.14,603566,普莱柯
2026-01-07,603568,25.8,26.22,27.92,25.8,180600.0,487824607.0,8.35,3.31,0.84,1.06,603568,伟明环保
2025-12-29,603577,10.17,10.73,11.12,10.05,241339.0,256508785.0,10.52,5.51,0.56,7.12,603577,汇金通
2025-12-18,603579,22.67,23.71,24.42,22.54,127611.0,300825511.0,8.3,4.63,1.05,6.28,603579,荣泰健康
2025-12-17,603586,17.67,18.3,18.73,17.31,49516.0,89415990.0,8.05,3.8,0.67,2.53,603586,金麒麟
2026-01-05,603598,17.1,18.69,18.69,17.1,468847.0,856628721.0,9.36,10.01,1.7,17.41,603598,引力传媒
2025-12-22,603618,7.77,8.61,8.61,7.77,487403.0,409398676.0,10.73,9.96,0.78,7.05,603618,杭电股份
2025-12-23,603618,8.56,8.82,9.3,8.48,1073811.0,943827329.0,9.52,2.44,0.21,15.53,603618,杭电股份
2025-12-10,603629,27.75,28.3,28.88,27.09,349333.0,971710134.0,6.7,5.87,1.57,13.62,603629,利通电子
2026-01-08,603637,11.02,11.5,11.6,10.97,113929.0,129796040.0,5.75,5.02,0.55,4.77,603637,镇海股份
2026-01-08,603650,55.69,56.73,56.73,54.68,627627.0,3540538881.0,3.98,10.01,5.16,10.21,603650,彤程新材
2025-12-26,603660,10.15,11.06,11.06,10.15,704430.0,764661384.0,9.05,10.05,1.01,12.33,603660,苏州科达
2025-12-30,603662,66.92,70.33,70.99,66.05,163998.0,1132930148.0,7.4,5.35,3.57,5.84,603662,柯力传感
2026-01-05,603666,29.68,32.67,32.67,29.68,144527.0,456736256.0,10.07,10.0,2.97,7.03,603666,亿嘉和
2025-12-08,603680,10.74,11.77,11.77,10.74,140310.0,160093978.0,9.63,10.0,1.07,1.79,603680,今创集团
2025-12-09,603680,11.74,11.93,12.06,11.62,172341.0,203884575.0,3.74,1.36,0.16,2.2,603680,今创集团
2026-01-07,603683,25.6,26.86,27.97,25.52,213547.0,569901261.0,9.63,5.62,1.43,7.47,603683,晶华新材
2026-01-05,603700,13.59,13.82,14.11,13.43,90917.0,125084316.0,5.0,1.69,0.23,4.55,603700,宁水集团
2025-12-10,603703,12.6,13.15,13.7,12.54,578134.0,760124817.0,9.32,5.62,0.7,13.93,603703,盛洋科技
2025-12-08,603709,17.68,18.71,19.69,17.51,187733.0,341574509.0,11.96,2.63,0.48,15.01,603709,中源家居
2025-12-18,603716,19.71,21.9,21.9,19.68,261309.0,558736749.0,11.15,9.99,1.99,12.43,603716,塞力医疗
2026-01-05,603718,6.16,6.58,6.71,6.16,461169.0,302120486.0,9.02,7.87,0.48,7.11,603718,海利生物
2025-12-30,603722,39.81,41.38,41.38,38.83,44722.0,183054486.0,6.78,9.99,3.76,4.67,603722,阿科力
2026-01-12,603725,9.43,9.79,10.08,9.32,129440.0,125460589.0,8.06,3.82,0.36,4.52,603725,天安新材
2025-12-31,603726,23.93,24.2,24.81,23.01,267714.0,646585457.0,7.98,7.32,1.65,14.49,603726,朗迪集团
2025-12-30,603728,66.88,72.98,73.89,66.88,215067.0,1531105292.0,10.4,8.23,5.55,5.13,603728,鸣志电器
2026-01-06,603739,14.5,14.77,15.1,14.27,107616.0,158401630.0,5.79,3.0,0.43,4.25,603739,蔚蓝生物
2025-12-08,603757,36.1,37.58,38.4,35.95,79956.0,300968926.0,6.79,4.22,1.52,4.29,603757,大元泵业
2025-12-10,603757,37.59,38.48,39.88,37.34,138148.0,534952340.0,6.75,2.26,0.85,7.41,603757,大元泵业
2025-12-16,603773,32.97,34.37,35.0,32.97,222566.0,761326868.0,6.27,6.08,1.97,9.91,603773,沃格光电
2026-01-08,603776,18.58,19.39,20.26,18.19,141374.0,274919652.0,11.24,5.27,0.97,5.04,603776,永安行
2025-12-31,603787,12.99,14.06,14.18,12.88,102144.0,139706602.0,10.01,8.24,1.07,4.44,603787,新日股份
2025-12-19,603797,4.6,4.88,4.91,4.57,221985.0,106825803.0,7.44,6.78,0.31,3.85,603797,联泰环保
2025-12-12,603806,13.57,13.87,13.87,13.25,511905.0,695424078.0,4.58,2.44,0.33,1.96,603806,福斯特
2025-12-30,603808,8.35,8.68,8.97,8.29,104240.0,90322353.0,8.14,3.95,0.33,2.82,603808,歌力思
2025-12-08,603809,12.88,13.4,13.58,12.87,634878.0,840068830.0,5.57,5.18,0.66,6.9,603809,豪能股份
2025-12-25,603809,12.87,14.05,14.05,12.85,959410.0,1317301913.0,9.4,10.02,1.28,10.43,603809,豪能股份
2025-12-26,603819,11.79,12.43,12.53,11.78,183235.0,223250583.0,6.38,5.7,0.67,8.42,603819,神力股份
2025-12-15,603871,13.43,14.25,14.25,13.43,273773.0,385289478.0,6.33,10.04,1.3,2.0,603871,嘉友国际
2025-12-09,603879,6.0,6.63,6.63,5.9,322359.0,210648916.0,12.11,9.95,0.6,8.97,603879,永悦科技
2025-12-10,603879,6.63,7.29,7.29,6.31,1017535.0,710457776.0,14.78,9.95,0.66,28.32,603879,永悦科技
2025-12-18,603882,27.61,28.69,28.89,27.61,109423.0,312012617.0,4.63,3.76,1.04,2.38,603882,金域医学
2026-01-05,603882,28.33,29.47,29.59,28.31,100102.0,291757544.0,4.51,3.91,1.11,2.18,603882,金域医学
2026-01-07,603887,14.05,14.44,14.72,13.82,260972.0,373946754.0,6.41,2.92,0.41,4.38,603887,城地香江
2026-01-05,603888,19.49,20.11,20.13,19.37,165769.0,329163522.0,3.91,3.5,0.68,2.46,603888,新华网
2026-01-06,603888,20.07,20.64,21.05,19.98,288853.0,595620128.0,5.32,2.64,0.53,4.28,603888,新华网
2025-12-25,603895,27.66,29.3,29.38,27.66,44058.0,127647918.0,6.18,5.21,1.45,4.08,603895,天永智能
2025-12-26,603895,29.5,29.89,31.1,29.5,63176.0,191983024.0,5.46,2.01,0.59,5.85,603895,天永智能
2026-01-14,603900,9.07,9.36,9.88,8.97,262301.0,244153409.0,10.02,3.08,0.28,7.68,603900,莱绅通灵
2025-12-09,603912,8.25,8.44,8.8,8.23,239047.0,204286041.0,6.91,2.3,0.19,4.41,603912,佳力图
2026-01-07,603916,9.83,10.32,10.81,9.79,320959.0,333274003.0,10.38,4.98,0.49,7.64,603916,苏博特
2026-01-08,603916,10.23,10.61,10.84,10.02,335425.0,353983119.0,7.95,2.81,0.29,7.98,603916,苏博特
2026-01-08,603918,15.99,16.85,17.58,15.92,367159.0,620756259.0,10.34,4.98,0.8,10.06,603918,金桥信息
2025-12-09,603936,11.2,11.61,11.86,11.02,515166.0,595760059.0,7.49,3.48,0.39,8.17,603936,博敏电子
2025-12-29,603936,11.79,12.95,12.95,11.79,1020343.0,1301109810.0,9.86,10.03,1.18,16.19,603936,博敏电子
2025-12-15,603955,30.29,30.33,31.73,28.88,46801.0,141848000.0,9.88,5.09,1.47,3.45,603955,大千生态
2025-12-24,603966,10.81,11.46,11.7,10.81,193086.0,219789497.0,8.16,5.04,0.55,4.85,603966,法兰泰克
2026-01-05,603987,8.62,8.95,8.95,8.62,100851.0,89310146.0,3.84,4.07,0.35,2.31,603987,康德莱
2025-12-29,605001,7.53,7.81,8.27,7.49,245494.0,192264038.0,10.34,3.58,0.27,6.25,605001,威奥股份
2025-12-25,605003,25.83,28.63,28.93,25.75,73966.0,201369099.0,12.09,8.86,2.33,6.72,605003,众望布艺
2025-12-30,605028,27.75,30.51,30.51,27.31,53750.0,158219414.0,11.54,9.99,2.77,3.36,605028,世茂能源
2025-12-11,605055,8.47,9.27,9.27,8.37,124031.0,110486166.0,10.68,9.96,0.84,2.82,605055,迎丰股份
2025-12-23,605069,10.3,10.78,10.92,10.2,145295.0,154106412.0,7.08,6.0,0.61,17.26,605069,正和生态
2025-12-24,605069,10.71,11.86,11.86,10.71,200521.0,231458978.0,10.67,10.02,1.08,23.83,605069,正和生态
2025-12-12,605090,34.48,37.86,37.86,33.97,445404.0,1625788254.0,11.3,9.99,3.44,6.42,605090,九丰能源
2025-12-15,605090,38.0,38.2,39.5,36.23,483941.0,1826153741.0,8.64,0.9,0.34,6.98,605090,九丰能源
2026-01-14,605118,32.6,36.17,36.17,32.6,100059.0,358888111.0,10.86,10.01,3.29,2.46,605118,力鼎光电
2025-12-29,605155,16.66,17.2,18.19,16.45,150604.0,262923452.0,10.52,3.99,0.66,7.93,605155,西大门
2025-12-12,605167,10.37,10.85,11.06,10.34,142705.0,154168021.0,6.92,4.33,0.45,3.18,605167,利柏特
2025-12-15,605167,10.98,11.32,11.53,10.92,205430.0,231534554.0,5.62,4.33,0.47,4.57,605167,利柏特
2026-01-09,605177,19.56,21.11,21.3,19.55,92225.0,191498649.0,8.97,8.15,1.59,8.19,605177,东亚药业
2025-12-12,605222,16.97,17.75,18.57,16.8,125936.0,222151786.0,10.47,5.03,0.85,3.05,605222,起帆电缆
2025-12-16,605222,17.32,19.14,19.14,17.16,188979.0,345597065.0,11.38,10.0,1.74,4.58,605222,起帆电缆
2025-12-16,605228,14.2,14.3,14.66,13.92,78198.0,112063196.0,5.24,1.35,0.19,1.82,605228,神通科技
2025-12-10,605268,10.68,11.15,11.48,10.66,167477.0,186078999.0,7.65,4.01,0.43,3.83,605268,王力安防
2026-01-05,605333,30.05,32.38,32.81,30.05,143204.0,457204250.0,9.25,8.55,2.55,3.28,605333,沪光股份
2025-12-24,605336,15.09,16.2,16.29,15.02,104729.0,166817163.0,8.42,7.43,1.12,5.71,605336,帅丰电器
2025-12-10,605358,30.07,33.18,33.18,29.72,419595.0,1357253901.0,11.47,10.01,3.02,6.25,605358,立昂微
2025-12-11,605358,34.34,36.5,36.5,34.34,786536.0,2840021782.0,6.51,10.01,3.32,11.72,605358,立昂微
2025-12-12,605358,36.5,37.29,38.5,34.88,993002.0,3618541936.0,9.92,2.16,0.79,14.79,605358,立昂微
2025-12-26,605378,23.03,23.7,23.87,23.03,111590.0,262406569.0,3.66,3.36,0.77,4.27,605378,野马电池
2025-12-08,605555,17.47,18.55,18.63,17.47,138596.0,252167121.0,6.64,6.12,1.07,2.86,605555,德昌股份
2025-12-26,605566,29.14,32.05,32.05,29.14,59817.0,187139634.0,9.99,9.99,2.91,4.49,605566,福莱蒽特
2026-01-08,605588,53.42,55.9,58.76,53.42,67488.0,378994925.0,10.0,4.64,2.48,9.23,605588,冠石科技
